boardId,feature,polygonA0,polygonB0,gapMm,pointAxMm,pointAyMm,pointBxMm,pointByMm,screenThresholdMm
17-kumiko-void-standard-L01-black-enig-art,F.Cu island gap,0,40,0.03033513,40.72297094031123,17.694241656968146,40.6967,17.679074,0.1
17-kumiko-void-standard-L01-black-enig-art,F.Cu island gap,0,54,0.03033513,68.72297094031123,17.694241656968146,68.6967,17.679074,0.1
17-kumiko-void-standard-L01-black-enig-art,F.Cu island gap,0,26,0.03033513,12.722970940311232,17.69424165696815,12.6967,17.679074,0.1
17-kumiko-void-standard-L01-black-enig-art,F.Cu island gap,0,49,0.030352,55.68205,26.3959,55.68205,26.365548,0.1
17-kumiko-void-standard-L01-black-enig-art,F.Cu island gap,0,64,0.030352,83.68205,26.3959,83.68205,26.365548,0.1
17-kumiko-void-standard-L01-black-enig-art,F.Cu island gap,0,35,0.030352,27.68205,26.3959,27.68205,26.365548,0.1
17-kumiko-void-standard-L01-black-enig-art,F.Cu island gap,0,77,0.030361618,96.72299388165594,17.694202896059537,96.6967,17.679022,0.1
17-kumiko-void-standard-L01-black-enig-art,F.Cu island gap,0,48,0.030368855,53.707553150042294,11.370084514127427,53.681253,11.3549,0.1
17-kumiko-void-standard-L01-black-enig-art,F.Cu island gap,0,34,0.030368855,25.707553150042294,11.370084514127424,25.681253,11.3549,0.1
17-kumiko-void-standard-L01-black-enig-art,F.Cu island gap,0,62,0.030368855,81.70755315004229,11.370084514127424,81.681253,11.3549,0.1
17-kumiko-void-standard-L01-black-enig-art,F.Cu island gap,0,79,0.030376911,96.72300712684549,114.68908054117638,96.6967,114.673892,0.1
17-kumiko-void-standard-L01-black-enig-art,F.Cu island gap,0,78,0.03038897,96.72301757299773,66.19166256729793,96.6967,66.176468,0.1
17-kumiko-void-standard-L01-black-enig-art,F.Cu island gap,0,27,0.030401037,12.723028019149902,114.68904360703647,12.6967,114.673843,0.1
17-kumiko-void-standard-L01-black-enig-art,F.Cu island gap,0,55,0.030401037,68.72302801914991,114.68904360703647,68.6967,114.673843,0.1
17-kumiko-void-standard-L01-black-enig-art,F.Cu island gap,0,41,0.030401037,40.7230280191499,114.68904360703647,40.6967,114.673843,0.1
17-kumiko-void-standard-L01-black-enig-art,F.Cu island gap,0,36,0.030408,27.682148,123.3907,27.682148,123.360292,0.1
17-kumiko-void-standard-L01-black-enig-art,F.Cu island gap,0,50,0.030408,55.682148,123.3907,55.682148,123.360292,0.1
17-kumiko-void-standard-L01-black-enig-art,F.Cu island gap,63,65,0.030408,83.682148,123.3907,83.682148,123.360292,0.1
17-kumiko-void-standard-L01-black-enig-art,F.Cu island gap,0,76,0.030417239,95.70759495392045,35.618808876066325,95.681253,35.6036,0.1
17-kumiko-void-standard-L01-black-enig-art,F.Cu island gap,0,47,0.030419084,53.70759664893175,108.3649096295053,53.681253,108.3497,0.1
17-kumiko-void-standard-L01-black-enig-art,F.Cu island gap,0,33,0.030419084,25.707596648931748,108.36490962950529,25.681253,108.3497,0.1
17-kumiko-void-standard-L01-black-enig-art,F.Cu island gap,0,75,0.030419084,95.70759664893176,84.1162096295053,95.681253,84.101,0.1
17-kumiko-void-standard-L01-black-enig-art,F.Cu island gap,0,61,0.030419084,81.70759664893176,108.3649096295053,81.681253,108.3497,0.1
17-kumiko-void-standard-L01-black-enig-art,F.Cu island gap,0,28,0.030473212,17.389690696065344,25.777103398197237,17.3633,25.761867,0.1
17-kumiko-void-standard-L01-black-enig-art,F.Cu island gap,0,42,0.030473212,45.389690696065344,25.777103398197234,45.3633,25.761867,0.1
17-kumiko-void-standard-L01-black-enig-art,F.Cu island gap,0,56,0.030473212,73.38969069606534,25.777103398197237,73.3633,25.761867,0.1
17-kumiko-void-standard-L01-black-enig-art,F.Cu island gap,0,3,0.030494605,3.3897092223400045,68.47162890540608,3.3633,68.486876,0.1
17-kumiko-void-standard-L01-black-enig-art,F.Cu island gap,0,5,0.030496055,3.3897104053569076,116.96902805372355,3.3633,116.984276,0.1
17-kumiko-void-standard-L01-black-enig-art,F.Cu island gap,0,38,0.030504799,31.389718052468496,116.9690438113721,31.3633,116.984296,0.1
17-kumiko-void-standard-L01-black-enig-art,F.Cu island gap,0,52,0.030504799,59.3897180524685,116.9690438113721,59.3633,116.984296,0.1
17-kumiko-void-standard-L01-black-enig-art,F.Cu island gap,0,67,0.030506806,87.38971966849664,116.96904259554499,87.3633,116.984296,0.1
17-kumiko-void-standard-L01-black-enig-art,F.Cu island gap,0,51,0.030523325,59.38973409670133,19.97417154854656,59.3633,19.989433,0.1
17-kumiko-void-standard-L01-black-enig-art,F.Cu island gap,0,37,0.030523325,31.389734096701325,19.97417154854656,31.3633,19.989433,0.1
17-kumiko-void-standard-L01-black-enig-art,F.Cu island gap,0,66,0.030523327,87.38973409670133,19.974171544560658,87.3633,19.989433,0.1
17-kumiko-void-standard-L01-black-enig-art,F.Cu island gap,1,6,0.030537027,3.3633,19.989476,3.3897465917999505,19.974208786538448,0.1
17-kumiko-void-standard-L01-black-enig-art,F.Cu island gap,0,2,0.030544718,3.38975262297594,50.025796148538554,3.3633,50.010524,0.1
17-kumiko-void-standard-L01-black-enig-art,F.Cu island gap,0,57,0.030559146,73.38976511816193,122.7718743628481,73.3633,122.756595,0.1
17-kumiko-void-standard-L01-black-enig-art,F.Cu island gap,0,43,0.030559146,45.38976511816193,122.7718743628481,45.3633,122.756595,0.1
17-kumiko-void-standard-L01-black-enig-art,F.Cu island gap,0,29,0.030559146,17.38976511816193,122.7718743628481,17.3633,122.756595,0.1
17-kumiko-void-standard-L01-black-enig-art,F.Cu island gap,0,4,0.030561876,3.389767484193096,98.52317172534768,3.3633,98.507891,0.1
17-kumiko-void-standard-L01-black-enig-art,F.Cu island gap,0,63,0.05,85.25,125.409204,85.2,125.409204,0.1
17-kumiko-void-standard-L01-black-enig-art,F.Cu island gap,0,74,0.057333664,92.137352,27.094979,92.177936,27.054481,0.1
17-kumiko-void-standard-L01-black-enig-art,F.Cu island gap,0,80,0.085020278,96.6967,100.927689,96.77032918444638,100.88517793291523,0.1
17-kumiko-void-standard-L01-black-enig-art,F.Mask black gap,0,210,0.00219545,30.8602,1.8511,30.8621,1.85,0.13
17-kumiko-void-standard-L01-black-enig-art,F.Mask black gap,0,3,0.00219545,2.8602,1.8511,2.8621,1.85,0.13
17-kumiko-void-standard-L01-black-enig-art,F.Mask black gap,0,354,0.00219545,58.8602,1.8511,58.8621,1.85,0.13
17-kumiko-void-standard-L01-black-enig-art,F.Mask black gap,0,7,0.00219545,2.8602,50.3485,2.8621,50.3474,0.13
17-kumiko-void-standard-L01-black-enig-art,F.Mask black gap,0,46,0.00219545,7.1827,58.7756,7.1816,58.7775,0.13
17-kumiko-void-standard-L01-black-enig-art,F.Mask black gap,0,14,0.00219545,7.1816,74.9433,7.1827,74.9414,0.13
17-kumiko-void-standard-L01-black-enig-art,F.Mask black gap,0,47,0.00219545,7.1827,91.1072,7.1816,91.1091,0.13
17-kumiko-void-standard-L01-black-enig-art,F.Mask black gap,75,144,0.00219545,16.8602,26.0998,16.8621,26.0987,0.13
17-kumiko-void-standard-L01-black-enig-art,F.Mask black gap,121,158,0.00219545,21.1827,115.3559,21.1816,115.3578,0.13
17-kumiko-void-standard-L01-black-enig-art,F.Mask black gap,177,225,0.00219545,35.1827,107.273,35.1816,107.2749,0.13
17-kumiko-void-standard-L01-black-enig-art,F.Mask black gap,204,215,0.00219545,35.1816,123.4407,35.1827,123.4388,0.13
17-kumiko-void-standard-L01-black-enig-art,F.Mask black gap,243,288,0.00219545,44.8602,26.0998,44.8621,26.0987,0.13
17-kumiko-void-standard-L01-black-enig-art,F.Mask black gap,254,303,0.00219545,49.1827,115.3559,49.1816,115.3578,0.13
17-kumiko-void-standard-L01-black-enig-art,F.Mask black gap,321,369,0.00219545,63.1827,107.273,63.1816,107.2749,0.13
17-kumiko-void-standard-L01-black-enig-art,F.Mask black gap,348,359,0.00219545,63.1816,123.4407,63.1827,123.4388,0.13
17-kumiko-void-standard-L01-black-enig-art,F.Mask black gap,387,432,0.00219545,72.8602,26.0998,72.8621,26.0987,0.13
17-kumiko-void-standard-L01-black-enig-art,F.Mask black gap,398,447,0.00219545,77.1827,115.3559,77.1816,115.3578,0.13
17-kumiko-void-standard-L01-black-enig-art,F.Mask black gap,463,520,0.00219545,91.1827,58.7756,91.1816,58.7775,0.13
17-kumiko-void-standard-L01-black-enig-art,F.Mask black gap,465,522,0.00219545,91.1827,107.273,91.1816,107.2749,0.13
17-kumiko-void-standard-L01-black-enig-art,F.Mask black gap,483,521,0.00219545,91.1827,91.1072,91.1816,91.1091,0.13
17-kumiko-void-standard-L01-black-enig-art,F.Mask black gap,515,534,0.00219545,91.1816,74.9433,91.1827,74.9414,0.13
17-kumiko-void-standard-L01-black-enig-art,F.Mask black gap,0,11,0.002247221,2.8602,98.846,2.8621,98.8448,0.13
17-kumiko-void-standard-L01-black-enig-art,F.Mask black gap,0,434,0.002247221,72.8602,123.0947,72.8621,123.0935,0.13
17-kumiko-void-standard-L01-black-enig-art,F.Mask black gap,0,290,0.002247221,44.8602,123.0947,44.8621,123.0935,0.13
17-kumiko-void-standard-L01-black-enig-art,F.Mask black gap,0,146,0.002247221,16.8602,123.0947,16.8621,123.0935,0.13
17-kumiko-void-standard-L01-black-enig-art,F.Mask black gap,0,233,0.002282542,35.5268,9.934,35.5288,9.9329,0.13
17-kumiko-void-standard-L01-black-enig-art,F.Mask black gap,0,224,0.002282542,35.1827,10.2781,35.1816,10.2801,0.13
17-kumiko-void-standard-L01-black-enig-art,F.Mask black gap,0,54,0.002282542,7.5268,9.934,7.5288,9.9329,0.13
17-kumiko-void-standard-L01-black-enig-art,F.Mask black gap,0,44,0.002282542,7.1827,10.2781,7.1816,10.2801,0.13
17-kumiko-void-standard-L01-black-enig-art,F.Mask black gap,0,140,0.002282542,21.1827,2.1952,21.1816,2.1972,0.13
17-kumiko-void-standard-L01-black-enig-art,F.Mask black gap,0,57,0.002282542,7.5268,42.2656,7.5288,42.2645,0.13
17-kumiko-void-standard-L01-black-enig-art,F.Mask black gap,0,45,0.002282542,7.1827,42.6097,7.1816,42.6117,0.13
17-kumiko-void-standard-L01-black-enig-art,F.Mask black gap,0,426,0.002282542,77.1827,2.1952,77.1816,2.1972,0.13
17-kumiko-void-standard-L01-black-enig-art,F.Mask black gap,0,282,0.002282542,49.1827,2.1952,49.1816,2.1972,0.13
17-kumiko-void-standard-L01-black-enig-art,F.Mask black gap,0,377,0.002282542,63.5268,9.934,63.5288,9.9329,0.13
17-kumiko-void-standard-L01-black-enig-art,F.Mask black gap,0,368,0.002282542,63.1827,10.2781,63.1816,10.2801,0.13
17-kumiko-void-standard-L01-black-enig-art,F.Mask black gap,0,58,0.002282542,7.5268,58.4314,7.5288,58.4303,0.13
17-kumiko-void-standard-L01-black-enig-art,F.Mask black gap,0,594,0.002282542,96.1935,66.5143,96.1955,66.5132,0.13
17-kumiko-void-standard-L01-black-enig-art,F.Mask black gap,14,29,0.002282542,7.5268,74.5972,7.5288,74.5961,0.13
17-kumiko-void-standard-L01-black-enig-art,F.Mask black gap,75,129,0.002282542,12.1935,18.0169,12.1955,18.0158,0.13
17-kumiko-void-standard-L01-black-enig-art,F.Mask black gap,89,166,0.002282542,21.5268,18.0169,21.5288,18.0158,0.13
17-kumiko-void-standard-L01-black-enig-art,F.Mask black gap,89,159,0.002282542,21.1827,18.361,21.1816,18.363,0.13
17-kumiko-void-standard-L01-black-enig-art,F.Mask black gap,174,196,0.002282542,25.8494,26.4439,25.8483,26.4459,0.13
17-kumiko-void-standard-L01-black-enig-art,F.Mask black gap,207,216,0.002282542,35.1816,26.4459,35.1827,26.4439,0.13
17-kumiko-void-standard-L01-black-enig-art,F.Mask black gap,216,219,0.002282542,35.5268,26.0998,35.5288,26.0987,0.13
17-kumiko-void-standard-L01-black-enig-art,F.Mask black gap,243,272,0.002282542,40.1935,18.0169,40.1955,18.0158,0.13
17-kumiko-void-standard-L01-black-enig-art,F.Mask black gap,253,310,0.002282542,49.5268,18.0169,49.5288,18.0158,0.13
17-kumiko-void-standard-L01-black-enig-art,F.Mask black gap,253,302,0.002282542,49.1827,18.361,49.1816,18.363,0.13
17-kumiko-void-standard-L01-black-enig-art,F.Mask black gap,318,340,0.002282542,53.8494,26.4439,53.8483,26.4459,0.13
17-kumiko-void-standard-L01-black-enig-art,F.Mask black gap,351,360,0.002282542,63.1816,26.4459,63.1827,26.4439,0.13
17-kumiko-void-standard-L01-black-enig-art,F.Mask black gap,360,363,0.002282542,63.5268,26.0998,63.5288,26.0987,0.13
17-kumiko-void-standard-L01-black-enig-art,F.Mask black gap,387,416,0.002282542,68.1935,18.0169,68.1955,18.0158,0.13
17-kumiko-void-standard-L01-black-enig-art,F.Mask black gap,397,446,0.002282542,77.1827,18.361,77.1816,18.363,0.13
17-kumiko-void-standard-L01-black-enig-art,F.Mask black gap,397,454,0.002282542,77.5268,18.0169,77.5288,18.0158,0.13
17-kumiko-void-standard-L01-black-enig-art,F.Mask black gap,462,484,0.002282542,81.8494,26.4439,81.8483,26.4459,0.13
17-kumiko-void-standard-L01-black-enig-art,F.Mask black gap,463,547,0.002282542,91.5268,58.4314,91.5288,58.4303,0.13
17-kumiko-void-standard-L01-black-enig-art,F.Mask black gap,473,543,0.002282542,91.5268,9.934,91.5288,9.9329,0.13
17-kumiko-void-standard-L01-black-enig-art,F.Mask black gap,473,518,0.002282542,91.1827,10.2781,91.1816,10.2801,0.13
17-kumiko-void-standard-L01-black-enig-art,F.Mask black gap,482,546,0.002282542,91.5268,42.2656,91.5288,42.2645,0.13
17-kumiko-void-standard-L01-black-enig-art,F.Mask black gap,482,519,0.002282542,91.1827,42.6097,91.1816,42.6117,0.13
17-kumiko-void-standard-L01-black-enig-art,F.Mask black gap,496,504,0.002282542,91.1816,26.4459,91.1827,26.4439,0.13
17-kumiko-void-standard-L01-black-enig-art,F.Mask black gap,533,534,0.002282542,91.5288,74.5961,91.5268,74.5972,0.13
17-kumiko-void-standard-L01-black-enig-art,F.Mask black gap,566,591,0.002282542,96.1935,18.0169,96.1955,18.0158,0.13
17-kumiko-void-standard-L01-black-enig-art,F.Mask black gap,0,61,0.002332381,7.5268,90.7631,7.5288,90.7619,0.13
17-kumiko-void-standard-L01-black-enig-art,F.Mask black gap,0,131,0.002332381,12.1935,115.0118,12.1955,115.0106,0.13
17-kumiko-void-standard-L01-black-enig-art,F.Mask black gap,0,274,0.002332381,40.1935,115.0118,40.1955,115.0106,0.13
17-kumiko-void-standard-L01-black-enig-art,F.Mask black gap,0,418,0.002332381,68.1935,115.0118,68.1955,115.0106,0.13
17-kumiko-void-standard-L01-black-enig-art,F.Mask black gap,0,597,0.002332381,96.1935,115.0118,96.1955,115.0106,0.13
17-kumiko-void-standard-L01-black-enig-art,F.Mask black gap,15,30,0.002332381,7.5268,123.0947,7.5288,123.0935,0.13
17-kumiko-void-standard-L01-black-enig-art,F.Mask black gap,121,168,0.002332381,21.5268,115.0118,21.5288,115.0106,0.13
17-kumiko-void-standard-L01-black-enig-art,F.Mask black gap,177,235,0.002332381,35.5268,106.9289,35.5288,106.9277,0.13
17-kumiko-void-standard-L01-black-enig-art,F.Mask black gap,215,220,0.002332381,35.5268,123.0947,35.5288,123.0935,0.13
17-kumiko-void-standard-L01-black-enig-art,F.Mask black gap,254,312,0.002332381,49.5268,115.0118,49.5288,115.0106,0.13
17-kumiko-void-standard-L01-black-enig-art,F.Mask black gap,321,379,0.002332381,63.5268,106.9289,63.5288,106.9277,0.13
17-kumiko-void-standard-L01-black-enig-art,F.Mask black gap,359,364,0.002332381,63.5268,123.0947,63.5288,123.0935,0.13
17-kumiko-void-standard-L01-black-enig-art,F.Mask black gap,398,456,0.002332381,77.5268,115.0118,77.5288,115.0106,0.13
17-kumiko-void-standard-L01-black-enig-art,F.Mask black gap,483,550,0.002332381,91.5268,90.7631,91.5288,90.7619,0.13
17-kumiko-void-standard-L01-black-enig-art,F.Mask black gap,503,508,0.002332381,91.5268,123.0947,91.5288,123.0935,0.13
17-kumiko-void-standard-L01-black-enig-art,F.Mask black gap,0,95,0.003138471,34.8664,10.095,34.8648,10.0977,0.13
17-kumiko-void-standard-L01-black-enig-art,F.Mask black gap,0,51,0.003138471,7.3437,9.6177,7.3464,9.6161,0.13
17-kumiko-void-standard-L01-black-enig-art,F.Mask black gap,0,75,0.003138471,20.8648,34.3464,20.8664,34.3437,0.13
17-kumiko-void-standard-L01-black-enig-art,F.Mask black gap,0,255,0.003138471,62.8664,10.095,62.8648,10.0977,0.13
17-kumiko-void-standard-L01-black-enig-art,F.Mask black gap,0,23,0.003138471,7.3437,58.1151,7.3464,58.1135,0.13
17-kumiko-void-standard-L01-black-enig-art,F.Mask black gap,0,77,0.003138471,20.8648,82.8438,20.8664,82.8411,0.13
17-kumiko-void-standard-L01-black-enig-art,F.Mask black gap,75,151,0.003138471,21.3437,33.8664,21.3464,33.8648,0.13
17-kumiko-void-standard-L01-black-enig-art,F.Mask black gap,77,162,0.003138471,21.3437,82.3638,21.3464,82.3622,0.13
17-kumiko-void-standard-L01-black-enig-art,F.Mask black gap,97,175,0.003138471,34.8648,58.5951,34.8664,58.5924,0.13
17-kumiko-void-standard-L01-black-enig-art,F.Mask black gap,124,177,0.003138471,34.8648,107.0925,34.8664,107.0898,0.13
17-kumiko-void-standard-L01-black-enig-art,F.Mask black gap,175,230,0.003138471,35.3437,58.1151,35.3464,58.1135,0.13
17-kumiko-void-standard-L01-black-enig-art,F.Mask black gap,177,229,0.003138471,35.3437,106.6125,35.3464,106.6109,0.13
17-kumiko-void-standard-L01-black-enig-art,F.Mask black gap,194,243,0.003138471,48.8648,34.3464,48.8664,34.3437,0.13
17-kumiko-void-standard-L01-black-enig-art,F.Mask black gap,195,245,0.003138471,48.8648,82.8438,48.8664,82.8411,0.13
17-kumiko-void-standard-L01-black-enig-art,F.Mask black gap,243,295,0.003138471,49.3437,33.8664,49.3464,33.8648,0.13
17-kumiko-void-standard-L01-black-enig-art,F.Mask black gap,245,306,0.003138471,49.3437,82.3638,49.3464,82.3622,0.13
17-kumiko-void-standard-L01-black-enig-art,F.Mask black gap,257,321,0.003138471,62.8648,107.0925,62.8664,107.0898,0.13
17-kumiko-void-standard-L01-black-enig-art,F.Mask black gap,264,319,0.003138471,62.8648,58.5951,62.8664,58.5924,0.13
17-kumiko-void-standard-L01-black-enig-art,F.Mask black gap,319,374,0.003138471,63.3437,58.1151,63.3464,58.1135,0.13
17-kumiko-void-standard-L01-black-enig-art,F.Mask black gap,321,373,0.003138471,63.3437,106.6125,63.3464,106.6109,0.13
17-kumiko-void-standard-L01-black-enig-art,F.Mask black gap,338,387,0.003138471,76.8648,34.3464,76.8664,34.3437,0.13
17-kumiko-void-standard-L01-black-enig-art,F.Mask black gap,339,389,0.003138471,76.8648,82.8438,76.8664,82.8411,0.13
17-kumiko-void-standard-L01-black-enig-art,F.Mask black gap,387,439,0.003138471,77.3437,33.8664,77.3464,33.8648,0.13
17-kumiko-void-standard-L01-black-enig-art,F.Mask black gap,389,450,0.003138471,77.3437,82.3638,77.3464,82.3622,0.13
17-kumiko-void-standard-L01-black-enig-art,F.Mask black gap,399,473,0.003138471,90.8648,10.0977,90.8664,10.095,0.13
17-kumiko-void-standard-L01-black-enig-art,F.Mask black gap,401,465,0.003138471,90.8648,107.0925,90.8664,107.0898,0.13
17-kumiko-void-standard-L01-black-enig-art,F.Mask black gap,408,463,0.003138471,90.8648,58.5951,90.8664,58.5924,0.13
17-kumiko-void-standard-L01-black-enig-art,F.Mask black gap,463,532,0.003138471,91.3437,58.1151,91.3464,58.1135,0.13
17-kumiko-void-standard-L01-black-enig-art,F.Mask black gap,473,540,0.003138471,91.3437,9.6177,91.3464,9.6161,0.13
17-kumiko-void-standard-L01-black-enig-art,F.Mask black gap,147,149,0.021057074,21.1827,19.3073,21.172171470054437,19.289064035282816,0.13
17-kumiko-void-standard-L01-black-enig-art,F.Mask black gap,291,293,0.021057074,49.1827,19.3073,49.17217147005444,19.28906403528282,0.13
17-kumiko-void-standard-L01-black-enig-art,F.Mask black gap,435,437,0.021057074,77.1827,19.3073,77.17217147005444,19.28906403528282,0.13
17-kumiko-void-standard-L01-black-enig-art,F.Mask black gap,82,160,0.021057132,21.17217144277632,3.123263983937642,21.1827,3.1415,0.13
17-kumiko-void-standard-L01-black-enig-art,F.Mask black gap,249,304,0.021057132,49.17217144277632,3.1232639839376444,49.1827,3.1415,0.13
17-kumiko-void-standard-L01-black-enig-art,F.Mask black gap,393,448,0.021057132,77.17217144277632,3.1232639839376444,77.1827,3.1415,0.13
17-kumiko-void-standard-L01-black-enig-art,F.Mask black gap,0,48,0.021057331,7.172171349188036,11.206163807777683,7.1827,11.2244,0.13
17-kumiko-void-standard-L01-black-enig-art,F.Mask black gap,181,226,0.021057331,35.172171349188034,11.206163807777685,35.1827,11.2244,0.13
17-kumiko-void-standard-L01-black-enig-art,F.Mask black gap,325,370,0.021057331,63.172171349188034,11.206163807777685,63.1827,11.2244,0.13
17-kumiko-void-standard-L01-black-enig-art,F.Mask black gap,469,523,0.021057331,91.17217134918803,11.206163807777683,91.1827,11.2244,0.13
17-kumiko-void-standard-L01-black-enig-art,F.Mask black gap,0,213,0.021059968,30.843861522359624,116.63687003302718,30.8621,116.6474,0.13
17-kumiko-void-standard-L01-black-enig-art,F.Mask black gap,0,357,0.021059968,58.843861522359624,116.63687003302718,58.8621,116.6474,0.13
17-kumiko-void-standard-L01-black-enig-art,F.Mask black gap,0,501,0.021059968,86.84386152235962,116.63687003302718,86.8621,116.6474,0.13
17-kumiko-void-standard-L01-black-enig-art,F.Mask black gap,0,423,0.02107228,69.12155088940091,1.8405638261899302,69.1398,1.8511,0.13
17-kumiko-void-standard-L01-black-enig-art,F.Mask black gap,0,279,0.02107228,41.12155088940091,1.8405638261899249,41.1398,1.8511,0.13
17-kumiko-void-standard-L01-black-enig-art,F.Mask black gap,0,602,0.021078491,97.1215455045403,50.33796073111786,97.1398,50.3485,0.13
17-kumiko-void-standard-L01-black-enig-art,F.Mask black gap,174,211,0.021079314,30.843844789460952,19.64206032423708,30.8621,19.6526,0.13
17-kumiko-void-standard-L01-black-enig-art,F.Mask black gap,318,355,0.021079314,58.84384478946095,19.64206032423708,58.8621,19.6526,0.13
17-kumiko-void-standard-L01-black-enig-art,F.Mask black gap,462,499,0.021079314,86.84384478946096,19.64206032423708,86.8621,19.6526,0.13
17-kumiko-void-standard-L01-black-enig-art,F.Mask black gap,174,203,0.021080613,27.121543664198036,26.08925967456468,27.1398,26.0998,0.13
17-kumiko-void-standard-L01-black-enig-art,F.Mask black gap,318,347,0.021080613,55.121543664198036,26.08925967456468,55.1398,26.0998,0.13
17-kumiko-void-standard-L01-black-enig-art,F.Mask black gap,462,491,0.021080613,83.12154366419803,26.08925967456468,83.1398,26.0998,0.13
17-kumiko-void-standard-L01-black-enig-art,F.Mask black gap,0,12,0.021085069,2.843839812457542,116.63685743471652,2.8621,116.6474,0.13
17-kumiko-void-standard-L01-black-enig-art,F.Mask black gap,0,4,0.021085281,2.8438396283513843,19.64205732963173,2.8621,19.6526,0.13
17-kumiko-void-standard-L01-black-enig-art,F.Mask black gap,0,8,0.021085281,2.8438396283513825,68.13945732963174,2.8621,68.15,0.13
17-kumiko-void-standard-L01-black-enig-art,F.Mask black gap,87,117,0.021094943,8.807852775912982,91.09083110063851,8.8184,91.1091,0.13
17-kumiko-void-standard-L01-black-enig-art,F.Mask black gap,0,490,0.021096566,83.1215298279387,123.0841517342847,83.1398,123.0947,0.13
17-kumiko-void-standard-L01-black-enig-art,F.Mask black gap,0,202,0.021096566,27.1215298279387,123.0841517342847,27.1398,123.0947,0.13
17-kumiko-void-standard-L01-black-enig-art,F.Mask black gap,0,346,0.021096566,55.1215298279387,123.08415173428469,55.1398,123.0947,0.13
17-kumiko-void-standard-L01-black-enig-art,F.Mask black gap,0,604,0.021097253,97.12152941518178,1.8405510751026408,97.1398,1.8511,0.13
17-kumiko-void-standard-L01-black-enig-art,F.Mask black gap,24,32,0.021097666,4.141151342993941,2.1789287838023856,4.1517,2.1972,0.13
17-kumiko-void-standard-L01-black-enig-art,F.Mask black gap,0,583,0.021099467,92.80785028688557,42.593427313531684,92.8184,42.6117,0.13
17-kumiko-void-standard-L01-black-enig-art,F.Mask black gap,0,584,0.021099474,92.8078502831158,58.759227307639456,92.8184,58.7775,0.13
17-kumiko-void-standard-L01-black-enig-art,F.Mask black gap,0,585,0.021099474,92.8078502831158,91.09082730763944,92.8184,91.1091,0.13
17-kumiko-void-standard-L01-black-enig-art,F.Mask black gap,0,236,0.021099549,35.5105272448037,108.55395024291425,35.5288,108.5645,0.13
17-kumiko-void-standard-L01-black-enig-art,F.Mask black gap,0,380,0.021099549,63.5105272448037,108.55395024291425,63.5288,108.5645,0.13
17-kumiko-void-standard-L01-black-enig-art,F.Mask black gap,0,551,0.021099549,91.5105272448037,108.55395024291425,91.5288,108.5645,0.13
17-kumiko-void-standard-L01-black-enig-art,F.Mask black gap,0,603,0.021099791,97.121527018985,98.83545014870914,97.1398,98.846,0.13
17-kumiko-void-standard-L01-black-enig-art,F.Mask black gap,0,169,0.0211,21.98,1.724,22.0011,1.724,0.13
17-kumiko-void-standard-L01-black-enig-art,F.Mask black gap,0,42,0.0211,7.0556,10.7313,7.0556,10.7524,0.13
17-kumiko-void-standard-L01-black-enig-art,F.Mask black gap,0,1,0.0211,2.3889999999999993,34.98,2.389,35.0011,0.13
17-kumiko-void-standard-L01-black-enig-art,F.Mask black gap,0,36,0.0211,4.2777,34.98,4.2777,35.0011,0.13
17-kumiko-void-standard-L01-black-enig-art,F.Mask black gap,0,457,0.0211,77.98,1.724,78.0011,1.724,0.13
17-kumiko-void-standard-L01-black-enig-art,F.Mask black gap,0,381,0.0211,63.98,9.8069,64.0011,9.8069,0.13
17-kumiko-void-standard-L01-black-enig-art,F.Mask black gap,0,586,0.0211,92.9444,10.7313,92.9444,10.7524,0.13
17-kumiko-void-standard-L01-black-enig-art,F.Mask black gap,0,607,0.0211,100.389,10.7313,100.389,10.7524,0.13
17-kumiko-void-standard-L01-black-enig-art,F.Mask black gap,0,545,0.0211,92.0011,27.8615,91.98,27.8615,0.13
17-kumiko-void-standard-L01-black-enig-art,F.Mask black gap,0,588,0.0211,95.7223,34.98,95.7223,35.0011,0.13
17-kumiko-void-standard-L01-black-enig-art,F.Mask black gap,0,605,0.0211,97.611,34.98,97.611,35.0011,0.13
17-kumiko-void-standard-L01-black-enig-art,F.Mask black gap,0,587,0.0211,92.9444,59.2287,92.9444,59.2498,0.13
17-kumiko-void-standard-L01-black-enig-art,F.Mask black gap,0,608,0.0211,100.389,59.2287,100.389,59.2498,0.13
17-kumiko-void-standard-L01-black-enig-art,F.Mask black gap,0,237,0.0211,35.98,9.8069,36.0011,9.8069,0.13
17-kumiko-void-standard-L01-black-enig-art,F.Mask black gap,0,313,0.0211,49.98,1.724,50.0011,1.724,0.13
17-kumiko-void-standard-L01-black-enig-art,F.Mask black gap,0,43,0.0211,7.0556,59.2287,7.0556,59.2498,0.13
17-kumiko-void-standard-L01-black-enig-art,F.Mask black gap,0,173,0.0211,21.98,116.7734,22.0011,116.7734,0.13
17-kumiko-void-standard-L01-black-enig-art,F.Mask black gap,0,461,0.0211,77.98,116.7734,78.0011,116.7734,0.13
17-kumiko-void-standard-L01-black-enig-art,F.Mask black gap,0,317,0.0211,49.98,116.7734,50.0011,116.7734,0.13
17-kumiko-void-standard-L01-black-enig-art,F.Mask black gap,0,549,0.0211,92.0011,76.3589,91.98,76.3589,0.13
17-kumiko-void-standard-L01-black-enig-art,F.Mask black gap,21,40,0.0211,7.0556,43.084,7.0556,43.0629,0.13
17-kumiko-void-standard-L01-black-enig-art,F.Mask black gap,23,66,0.0211,7.98,44.0273,8.0011,44.0273,0.13
17-kumiko-void-standard-L01-black-enig-art,F.Mask black gap,23,67,0.0211,7.98,58.3044,8.0011,58.3044,0.13
17-kumiko-void-standard-L01-black-enig-art,F.Mask black gap,25,72,0.0211,7.98,92.5247,8.0011,92.5247,0.13
17-kumiko-void-standard-L01-black-enig-art,F.Mask black gap,29,68,0.0211,7.98,60.1931,8.0011,60.1931,0.13
17-kumiko-void-standard-L01-black-enig-art,F.Mask black gap,29,69,0.0211,7.98,74.4702,8.0011,74.4702,0.13
17-kumiko-void-standard-L01-black-enig-art,F.Mask black gap,30,73,0.0211,7.98,122.9676,8.0011,122.9676,0.13
17-kumiko-void-standard-L01-black-enig-art,F.Mask black gap,31,33,0.0211,4.2777,18.8353,4.2777,18.8142,0.13
17-kumiko-void-standard-L01-black-enig-art,F.Mask black gap,33,63,0.0211,7.98,11.6956,8.0011,11.6956,0.13
17-kumiko-void-standard-L01-black-enig-art,F.Mask black gap,51,62,0.0211,7.98,9.8069,8.0011,9.8069,0.13
17-kumiko-void-standard-L01-black-enig-art,F.Mask black gap,56,64,0.0211,7.98,27.8615,8.0011,27.8615,0.13
17-kumiko-void-standard-L01-black-enig-art,F.Mask black gap,57,65,0.0211,7.98,42.1385,8.0011,42.1385,0.13
17-kumiko-void-standard-L01-black-enig-art,F.Mask black gap,60,70,0.0211,7.98,76.3589,8.0011,76.3589,0.13
17-kumiko-void-standard-L01-black-enig-art,F.Mask black gap,61,71,0.0211,7.98,90.636,8.0011,90.636,0.13
17-kumiko-void-standard-L01-black-enig-art,F.Mask black gap,77,98,0.0211,8.9444,75.4156,8.9444,75.3945,0.13
17-kumiko-void-standard-L01-black-enig-art,F.Mask black gap,82,140,0.0211,21.0556,2.6695,21.0556,2.6484,0.13
17-kumiko-void-standard-L01-black-enig-art,F.Mask black gap,91,96,0.0211,8.9444,43.084,8.9444,43.0629,0.13
17-kumiko-void-standard-L01-black-enig-art,F.Mask black gap,95,165,0.0211,22.0011,3.6127,21.98,3.6126999999999994,0.13
17-kumiko-void-standard-L01-black-enig-art,F.Mask black gap,95,205,0.0211,27.611,10.7313,27.611,10.7524,0.13
17-kumiko-void-standard-L01-black-enig-art,F.Mask black gap,95,152,0.0211,18.2777,10.7313,18.2777,10.7524,0.13
17-kumiko-void-standard-L01-black-enig-art,F.Mask black gap,95,119,0.0211,8.9444,10.7313,8.9444,10.7524,0.13
17-kumiko-void-standard-L01-black-enig-art,F.Mask black gap,95,141,0.0211,16.389,10.7313,16.389,10.7524,0.13
17-kumiko-void-standard-L01-black-enig-art,F.Mask black gap,95,221,0.0211,35.0556,10.7313,35.0556,10.7524,0.13
17-kumiko-void-standard-L01-black-enig-art,F.Mask black gap,95,199,0.0211,25.7223,10.7313,25.7223,10.7524,0.13
17-kumiko-void-standard-L01-black-enig-art,F.Mask black gap,97,120,0.0211,8.9444,59.2287,8.9444,59.2498,0.13
17-kumiko-void-standard-L01-black-enig-art,F.Mask black gap,136,138,0.0211,13.611,18.8142,13.611,18.8353,0.13
17-kumiko-void-standard-L01-black-enig-art,F.Mask black gap,149,156,0.0211,21.0556,18.8353,21.0556,18.8142,0.13
17-kumiko-void-standard-L01-black-enig-art,F.Mask black gap,151,171,0.0211,21.98,19.7785,22.0011,19.7785,0.13
17-kumiko-void-standard-L01-black-enig-art,F.Mask black gap,166,170,0.0211,21.98,17.8898,22.0011,17.8898,0.13
17-kumiko-void-standard-L01-black-enig-art,F.Mask black gap,168,172,0.0211,21.98,114.8847,22.0011,114.8847,0.13
17-kumiko-void-standard-L01-black-enig-art,F.Mask black gap,185,187,0.0211,22.9444,18.8353,22.9444,18.8142,0.13
17-kumiko-void-standard-L01-black-enig-art,F.Mask black gap,189,223,0.0211,35.0556,26.9182,35.0556,26.8971,0.13
17-kumiko-void-standard-L01-black-enig-art,F.Mask black gap,219,238,0.0211,35.98,11.6956,36.0011,11.6956,0.13
17-kumiko-void-standard-L01-black-enig-art,F.Mask black gap,219,239,0.0211,35.98,25.9727,36.0011,25.9727,0.13
17-kumiko-void-standard-L01-black-enig-art,F.Mask black gap,220,241,0.0211,35.98,108.6905,36.0011,108.6905,0.13
17-kumiko-void-standard-L01-black-enig-art,F.Mask black gap,220,242,0.0211,35.98,122.9676,36.0011,122.9676,0.13
17-kumiko-void-standard-L01-black-enig-art,F.Mask black gap,229,240,0.0211,35.98,106.8018,36.0011,106.8018,0.13
17-kumiko-void-standard-L01-black-enig-art,F.Mask black gap,243,256,0.0211,36.9444,26.9182,36.9444,26.8971,0.13
17-kumiko-void-standard-L01-black-enig-art,F.Mask black gap,249,282,0.0211,49.0556,2.6695,49.0556,2.6484,0.13
17-kumiko-void-standard-L01-black-enig-art,F.Mask black gap,255,309,0.0211,50.0011,3.6127,49.98,3.6126999999999994,0.13
17-kumiko-void-standard-L01-black-enig-art,F.Mask black gap,255,349,0.0211,55.611,10.7313,55.611,10.7524,0.13
17-kumiko-void-standard-L01-black-enig-art,F.Mask black gap,255,343,0.0211,53.7223,10.7313,53.7223,10.7524,0.13
17-kumiko-void-standard-L01-black-enig-art,F.Mask black gap,255,365,0.0211,63.0556,10.7313,63.0556,10.7524,0.13
17-kumiko-void-standard-L01-black-enig-art,F.Mask black gap,255,285,0.0211,44.389,10.7313,44.389,10.7524,0.13
17-kumiko-void-standard-L01-black-enig-art,F.Mask black gap,255,268,0.0211,36.9444,10.7313,36.9444,10.7524,0.13
17-kumiko-void-standard-L01-black-enig-art,F.Mask black gap,255,296,0.0211,46.2777,10.7313,46.2777,10.7524,0.13
17-kumiko-void-standard-L01-black-enig-art,F.Mask black gap,280,283,0.0211,41.611,18.8142,41.611,18.8353,0.13
17-kumiko-void-standard-L01-black-enig-art,F.Mask black gap,293,300,0.0211,49.0556,18.8353,49.0556,18.8142,0.13
17-kumiko-void-standard-L01-black-enig-art,F.Mask black gap,295,315,0.0211,49.98,19.7785,50.0011,19.7785,0.13
17-kumiko-void-standard-L01-black-enig-art,F.Mask black gap,310,314,0.0211,49.98,17.8898,50.0011,17.8898,0.13
17-kumiko-void-standard-L01-black-enig-art,F.Mask black gap,312,316,0.0211,49.98,114.8847,50.0011,114.8847,0.13
17-kumiko-void-standard-L01-black-enig-art,F.Mask black gap,329,331,0.0211,50.9444,18.8353,50.9444,18.8142,0.13
17-kumiko-void-standard-L01-black-enig-art,F.Mask black gap,333,367,0.0211,63.0556,26.9182,63.0556,26.8971,0.13
17-kumiko-void-standard-L01-black-enig-art,F.Mask black gap,363,382,0.0211,63.98,11.6956,64.0011,11.6956,0.13
17-kumiko-void-standard-L01-black-enig-art,F.Mask black gap,363,383,0.0211,63.98,25.9727,64.0011,25.9727,0.13
17-kumiko-void-standard-L01-black-enig-art,F.Mask black gap,364,385,0.0211,63.98,108.6905,64.0011,108.6905,0.13
17-kumiko-void-standard-L01-black-enig-art,F.Mask black gap,364,386,0.0211,63.98,122.9676,64.0011,122.9676,0.13
17-kumiko-void-standard-L01-black-enig-art,F.Mask black gap,373,384,0.0211,63.98,106.8018,64.0011,106.8018,0.13
17-kumiko-void-standard-L01-black-enig-art,F.Mask black gap,387,400,0.0211,64.9444,26.9182,64.9444,26.8971,0.13
17-kumiko-void-standard-L01-black-enig-art,F.Mask black gap,393,426,0.0211,77.0556,2.6695,77.0556,2.6484,0.13
17-kumiko-void-standard-L01-black-enig-art,F.Mask black gap,399,453,0.0211,78.0011,3.6127,77.98,3.6126999999999994,0.13
17-kumiko-void-standard-L01-black-enig-art,F.Mask black gap,399,494,0.0211,83.611,10.7313,83.611,10.7524,0.13
17-kumiko-void-standard-L01-black-enig-art,F.Mask black gap,399,487,0.0211,81.7223,10.7313,81.7223,10.7524,0.13
17-kumiko-void-standard-L01-black-enig-art,F.Mask black gap,399,511,0.0211,91.0556,10.7313,91.0556,10.7524,0.13
17-kumiko-void-standard-L01-black-enig-art,F.Mask black gap,399,412,0.0211,64.9444,10.7313,64.9444,10.7524,0.13
17-kumiko-void-standard-L01-black-enig-art,F.Mask black gap,399,440,0.0211,74.2777,10.7313,74.2777,10.7524,0.13
17-kumiko-void-standard-L01-black-enig-art,F.Mask black gap,399,429,0.0211,72.389,10.7313,72.389,10.7524,0.13
17-kumiko-void-standard-L01-black-enig-art,F.Mask black gap,408,512,0.0211,91.0556,59.2287,91.0556,59.2498,0.13
17-kumiko-void-standard-L01-black-enig-art,F.Mask black gap,424,427,0.0211,69.611,18.8142,69.611,18.8353,0.13
17-kumiko-void-standard-L01-black-enig-art,F.Mask black gap,437,444,0.0211,77.0556,18.8353,77.0556,18.8142,0.13
17-kumiko-void-standard-L01-black-enig-art,F.Mask black gap,439,459,0.0211,77.98,19.7785,78.0011,19.7785,0.13
17-kumiko-void-standard-L01-black-enig-art,F.Mask black gap,454,458,0.0211,77.98,17.8898,78.0011,17.8898,0.13
17-kumiko-void-standard-L01-black-enig-art,F.Mask black gap,456,460,0.0211,77.98,114.8847,78.0011,114.8847,0.13
17-kumiko-void-standard-L01-black-enig-art,F.Mask black gap,473,476,0.0211,78.9444,2.6695,78.9444,2.6484,0.13
17-kumiko-void-standard-L01-black-enig-art,F.Mask black gap,474,477,0.0211,78.9444,18.8353,78.9444,18.8142,0.13
17-kumiko-void-standard-L01-black-enig-art,F.Mask black gap,479,514,0.0211,91.0556,26.9182,91.0556,26.8971,0.13
17-kumiko-void-standard-L01-black-enig-art,F.Mask black gap,481,515,0.0211,91.0556,75.4156,91.0556,75.3945,0.13
17-kumiko-void-standard-L01-black-enig-art,F.Mask black gap,507,555,0.0211,91.98,11.6956,92.0011,11.6956,0.13
17-kumiko-void-standard-L01-black-enig-art,F.Mask black gap,508,563,0.0211,91.98,108.6905,92.0011,108.6905,0.13
17-kumiko-void-standard-L01-black-enig-art,F.Mask black gap,508,564,0.0211,91.98,122.9676,92.0011,122.9676,0.13
17-kumiko-void-standard-L01-black-enig-art,F.Mask black gap,509,516,0.0211,91.0556,43.0629,91.0556,43.084,0.13
17-kumiko-void-standard-L01-black-enig-art,F.Mask black gap,532,557,0.0211,91.98,44.0273,92.0011,44.0273,0.13
17-kumiko-void-standard-L01-black-enig-art,F.Mask black gap,532,558,0.0211,91.98,58.3044,92.0011,58.3044,0.13
17-kumiko-void-standard-L01-black-enig-art,F.Mask black gap,533,559,0.0211,91.98,60.1931,92.0011,60.1931,0.13
17-kumiko-void-standard-L01-black-enig-art,F.Mask black gap,533,560,0.0211,91.98,74.4702,92.0011,74.4702,0.13
17-kumiko-void-standard-L01-black-enig-art,F.Mask black gap,539,562,0.0211,91.98,92.5247,92.0011,92.5247,0.13
17-kumiko-void-standard-L01-black-enig-art,F.Mask black gap,540,554,0.0211,91.98,9.8069,92.0011,9.8069,0.13
17-kumiko-void-standard-L01-black-enig-art,F.Mask black gap,546,556,0.0211,91.98,42.1385,92.0011,42.1385,0.13
17-kumiko-void-standard-L01-black-enig-art,F.Mask black gap,550,561,0.0211,91.98,90.636,92.0011,90.636,0.13
17-kumiko-void-standard-L01-black-enig-art,F.Mask black gap,575,577,0.0211,92.9444,43.084,92.9444,43.0629,0.13
17-kumiko-void-standard-L01-black-enig-art,F.Mask black gap,174,234,0.021100463,35.510526474229344,11.559149749908052,35.5288,11.5697,0.13
17-kumiko-void-standard-L01-black-enig-art,F.Mask black gap,318,378,0.021100463,63.510526474229344,11.559149749908052,63.5288,11.5697,0.13
17-kumiko-void-standard-L01-black-enig-art,F.Mask black gap,462,544,0.021100463,91.51052647422935,11.559149749908045,91.5288,11.5697,0.13
17-kumiko-void-standard-L01-black-enig-art,F.Mask black gap,464,548,0.021100463,91.51052647422935,60.056549749908044,91.5288,60.0671,0.13
17-kumiko-void-standard-L01-black-enig-art,F.Mask black gap,82,114,0.021100514,8.80784972241308,10.261826431254592,8.8184,10.2801,0.13
17-kumiko-void-standard-L01-black-enig-art,F.Mask black gap,181,197,0.021100514,22.807849722413078,18.344726431254593,22.8184,18.363,0.13
17-kumiko-void-standard-L01-black-enig-art,F.Mask black gap,183,198,0.021100514,22.807849722413078,115.33952643125458,22.8184,115.3578,0.13
17-kumiko-void-standard-L01-black-enig-art,F.Mask black gap,249,266,0.021100514,36.807849722413074,10.261826431254592,36.8184,10.2801,0.13
17-kumiko-void-standard-L01-black-enig-art,F.Mask black gap,251,267,0.021100514,36.807849722413074,107.25662643125459,36.8184,107.2749,0.13
17-kumiko-void-standard-L01-black-enig-art,F.Mask black gap,325,341,0.021100514,50.807849722413074,18.344726431254593,50.8184,18.363,0.13
17-kumiko-void-standard-L01-black-enig-art,F.Mask black gap,327,342,0.021100514,50.807849722413074,115.33952643125458,50.8184,115.3578,0.13
17-kumiko-void-standard-L01-black-enig-art,F.Mask black gap,393,410,0.021100514,64.80784972241308,10.261826431254594,64.8184,10.2801,0.13
17-kumiko-void-standard-L01-black-enig-art,F.Mask black gap,395,411,0.021100514,64.80784972241308,107.25662643125459,64.8184,107.2749,0.13
17-kumiko-void-standard-L01-black-enig-art,F.Mask black gap,469,485,0.021100514,78.80784972241308,18.344726431254593,78.8184,18.363,0.13
17-kumiko-void-standard-L01-black-enig-art,F.Mask black gap,471,486,0.021100514,78.80784972241308,115.33952643125458,78.8184,115.3578,0.13
17-kumiko-void-standard-L01-black-enig-art,F.Mask black gap,83,115,0.021100562,8.80784969638031,42.593426390565284,8.8184,42.6117,0.13
17-kumiko-void-standard-L01-black-enig-art,F.Mask black gap,85,116,0.021100562,8.807849696380307,58.75922639056528,8.8184,58.7775,0.13
17-kumiko-void-standard-L01-black-enig-art,F.Mask black gap,0,55,0.021100744,7.510526236552772,11.559149597843948,7.5288,11.5697,0.13
17-kumiko-void-standard-L01-black-enig-art,F.Mask black gap,0,59,0.021100744,7.510526236552768,60.056549597843954,7.5288,60.0671,0.13
17-kumiko-void-standard-L01-black-enig-art,F.Mask black gap,174,217,0.021101762,31.788225348966428,18.006349100235653,31.8065,18.0169,0.13
17-kumiko-void-standard-L01-black-enig-art,F.Mask black gap,318,361,0.021101762,59.78822534896643,18.006349100235653,59.8065,18.0169,0.13
17-kumiko-void-standard-L01-black-enig-art,F.Mask black gap,462,505,0.021101762,87.78822534896642,18.006349100235653,87.8065,18.0169,0.13
17-kumiko-void-standard-L01-black-enig-art,F.Mask black gap,86,98,0.02110203,8.807849017020077,74.92502508726004,8.8184,74.9433,0.13
17-kumiko-void-standard-L01-black-enig-art,F.Mask black gap,0,582,0.021102738,92.80784866502457,10.261824472975155,92.8184,10.2801,0.13
17-kumiko-void-standard-L01-black-enig-art,F.Mask black gap,0,396,0.021102854,64.8184,123.4407,64.80784858013511,123.42242438874496,0.13
17-kumiko-void-standard-L01-black-enig-art,F.Mask black gap,0,252,0.021102854,36.8184,123.4407,36.807848580135115,123.42242438874496,0.13
17-kumiko-void-standard-L01-black-enig-art,F.Mask black gap,0,572,0.021102854,92.8184,74.9433,92.80784858013511,74.92502438874496,0.13
17-kumiko-void-standard-L01-black-enig-art,F.Mask black gap,243,250,0.021102854,36.8184,26.4459,36.807848580135115,26.427624388744956,0.13
17-kumiko-void-standard-L01-black-enig-art,F.Mask black gap,387,394,0.021102854,64.8184,26.4459,64.80784858013511,26.427624388744956,0.13
17-kumiko-void-standard-L01-black-enig-art,F.Mask black gap,0,436,0.021102887,77.5288,116.6474,77.51052436053574,116.63684856249166,0.13
17-kumiko-void-standard-L01-black-enig-art,F.Mask black gap,0,292,0.021102887,49.5288,116.6474,49.51052436053573,116.63684856249166,0.13
17-kumiko-void-standard-L01-black-enig-art,F.Mask black gap,0,148,0.021102887,21.5288,116.6474,21.510524360535737,116.63684856249166,0.13
17-kumiko-void-standard-L01-black-enig-art,F.Mask black gap,0,232,0.021103277,35.5288,124.7303,35.5105240295536,124.7197483554785,0.13
17-kumiko-void-standard-L01-black-enig-art,F.Mask black gap,0,376,0.021103277,63.5288,124.7303,63.5105240295536,124.7197483554785,0.13
17-kumiko-void-standard-L01-black-enig-art,F.Mask black gap,541,545,0.021104353,91.51052311686676,27.72494778463438,91.5288,27.7355,0.13
17-kumiko-void-standard-L01-black-enig-art,F.Mask black gap,542,549,0.021104355,91.51052311525552,76.22234778362662,91.5288,76.2329,0.13
17-kumiko-void-standard-L01-black-enig-art,F.Mask black gap,531,532,0.021104368,91.5105231043729,43.89074777682,91.5288,43.9013,0.13
17-kumiko-void-standard-L01-black-enig-art,F.Mask black gap,538,539,0.021104368,91.51052310437288,92.38814777682,91.5288,92.3987,0.13
17-kumiko-void-standard-L01-black-enig-art,F.Mask black gap,0,476,0.02110585,78.80784699023476,2.178921846763246,78.8184,2.1972,0.13
17-kumiko-void-standard-L01-black-enig-art,F.Mask black gap,164,165,0.021106063,21.510521666169257,3.4762468772796344,21.5288,3.4868,0.13
17-kumiko-void-standard-L01-black-enig-art,F.Mask black gap,308,309,0.021106063,49.510521666169254,3.476246877279637,49.5288,3.4868,0.13
17-kumiko-void-standard-L01-black-enig-art,F.Mask black gap,452,453,0.021106063,77.51052166616925,3.476246877279634,77.5288,3.4868,0.13
17-kumiko-void-standard-L01-black-enig-art,F.Mask black gap,53,60,0.021106065,7.510521664374494,76.22234687615708,7.5288,76.2329,0.13
17-kumiko-void-standard-L01-black-enig-art,F.Mask black gap,17,23,0.021106304,7.510521461252859,43.890746749111486,7.5288,43.9013,0.13
17-kumiko-void-standard-L01-black-enig-art,F.Mask black gap,18,25,0.021106329,7.510521440307288,92.38814673601074,7.5288,92.3987,0.13
17-kumiko-void-standard-L01-black-enig-art,F.Mask black gap,147,151,0.021106333,21.510521437082808,19.64204673399393,21.5288,19.6526,0.13
17-kumiko-void-standard-L01-black-enig-art,F.Mask black gap,291,295,0.021106333,49.51052143708281,19.642046733993933,49.5288,19.6526,0.13
17-kumiko-void-standard-L01-black-enig-art,F.Mask black gap,435,439,0.021106333,77.5105214370828,19.64204673399393,77.5288,19.6526,0.13
17-kumiko-void-standard-L01-black-enig-art,F.Mask black gap,0,26,0.021106578,3.788221184200839,18.006346680856165,3.8065,18.0169,0.13
17-kumiko-void-standard-L01-black-enig-art,F.Mask black gap,0,27,0.021106578,3.7882211842008364,66.50374668085617,3.8065,66.5143,0.13
17-kumiko-void-standard-L01-black-enig-art,F.Mask black gap,0,489,0.021106991,82.17722079983363,124.71974652191719,82.1955,124.7303,0.13
17-kumiko-void-standard-L01-black-enig-art,F.Mask black gap,0,201,0.021106991,26.177220799833634,124.71974652191719,26.1955,124.7303,0.13
17-kumiko-void-standard-L01-black-enig-art,F.Mask black gap,0,345,0.021106991,54.177220799833634,124.71974652191719,54.1955,124.7303,0.13
17-kumiko-void-standard-L01-black-enig-art,F.Mask black gap,0,595,0.021107412,96.17722041910422,100.47104633828758,96.1955,100.4816,0.13
17-kumiko-void-standard-L01-black-enig-art,F.Mask black gap,134,136,0.021109309,13.474545155694187,18.34471891188137,13.4851,18.363,0.13
17-kumiko-void-standard-L01-black-enig-art,F.Mask black gap,277,280,0.021109309,41.47454515569419,18.34471891188137,41.4851,18.363,0.13
17-kumiko-void-standard-L01-black-enig-art,F.Mask black gap,421,424,0.021109309,69.47454515569419,18.34471891188137,69.4851,18.363,0.13
17-kumiko-void-standard-L01-black-enig-art,F.Mask black gap,135,137,0.021109559,13.474545033178115,115.33951869336049,13.4851,115.3578,0.13
17-kumiko-void-standard-L01-black-enig-art,F.Mask black gap,278,281,0.021109559,41.47454503317812,115.33951869336049,41.4851,115.3578,0.13
17-kumiko-void-standard-L01-black-enig-art,F.Mask black gap,422,425,0.021109559,69.47454503317812,115.33951869336049,69.4851,115.3578,0.13
17-kumiko-void-standard-L01-black-enig-art,F.Mask black gap,52,56,0.021127529,7.510503034226717,27.72493621666853,7.5288,27.7355,0.13
17-kumiko-void-standard-L01-black-enig-art,F.Mask black gap,0,218,0.021136146,31.78819555038278,115.00123194417178,31.8065,115.0118,0.13
17-kumiko-void-standard-L01-black-enig-art,F.Mask black gap,0,362,0.021136146,59.78819555038278,115.00123194417178,59.8065,115.0118,0.13
17-kumiko-void-standard-L01-black-enig-art,F.Mask black gap,0,506,0.021136146,87.78819555038278,115.00123194417178,87.8065,115.0118,0.13
17-kumiko-void-standard-L01-black-enig-art,F.Mask black gap,0,414,0.021137976,68.1771939951431,3.476230978134902,68.1955,3.4868,0.13
17-kumiko-void-standard-L01-black-enig-art,F.Mask black gap,0,270,0.021137976,40.1771939951431,3.476230978134897,40.1955,3.4868,0.13
17-kumiko-void-standard-L01-black-enig-art,F.Mask black gap,0,601,0.021138343,97.1398,66.5143,97.12149375375839,66.50373066333222,0.13
17-kumiko-void-standard-L01-black-enig-art,F.Mask black gap,132,134,0.021139754,13.121492491552194,18.00633002762714,13.1398,18.0169,0.13
17-kumiko-void-standard-L01-black-enig-art,F.Mask black gap,275,277,0.021139754,41.121492491552196,18.00633002762714,41.1398,18.0169,0.13
17-kumiko-void-standard-L01-black-enig-art,F.Mask black gap,419,421,0.021139754,69.12149249155219,18.00633002762714,69.1398,18.0169,0.13
17-kumiko-void-standard-L01-black-enig-art,F.Mask black gap,0,24,0.02114139,3.7881910441466085,1.8405292608804156,3.8065,1.8511,0.13
17-kumiko-void-standard-L01-black-enig-art,F.Mask black gap,0,599,0.021141666,97.1398,18.0169,97.12149081165148,18.006329112889308,0.13
17-kumiko-void-standard-L01-black-enig-art,F.Mask black gap,74,100,0.021141712,8.454890771005205,9.923429090648348,8.4732,9.934,0.13
17-kumiko-void-standard-L01-black-enig-art,F.Mask black gap,0,600,0.021141742,97.1398,115.0118,97.1214907452935,115.00122907519042,0.13
17-kumiko-void-standard-L01-black-enig-art,F.Mask black gap,78,86,0.021143103,8.454889541994685,74.5866284379295,8.4732,74.5972,0.13
17-kumiko-void-standard-L01-black-enig-art,F.Mask black gap,0,592,0.021143109,96.1771895438352,51.97362842209463,96.1955,51.9842,0.13
17-kumiko-void-standard-L01-black-enig-art,F.Mask black gap,76,101,0.021143193,8.454889462147056,58.420828395523245,8.4732,58.4314,0.13
17-kumiko-void-standard-L01-black-enig-art,F.Mask black gap,133,135,0.021143233,13.12148941790544,115.00122839313151,13.1398,115.0118,0.13
17-kumiko-void-standard-L01-black-enig-art,F.Mask black gap,276,278,0.021143233,41.121489417905444,115.00122839313151,41.1398,115.0118,0.13
17-kumiko-void-standard-L01-black-enig-art,F.Mask black gap,420,422,0.021143233,69.12148941790544,115.00122839313151,69.1398,115.0118,0.13
17-kumiko-void-standard-L01-black-enig-art,F.Mask black gap,65,83,0.021143324,8.454889346950916,42.25502833434381,8.4732,42.2656,0.13
17-kumiko-void-standard-L01-black-enig-art,F.Mask black gap,0,227,0.021143416,35.17212829088493,124.36678926512113,35.1827,124.3851,0.13
17-kumiko-void-standard-L01-black-enig-art,F.Mask black gap,0,371,0.021143416,63.17212829088493,124.36678926512113,63.1827,124.3851,0.13
17-kumiko-void-standard-L01-black-enig-art,F.Mask black gap,0,28,0.02114345,3.7881892351012962,115.00122827494172,3.8065,115.0118,0.13
17-kumiko-void-standard-L01-black-enig-art,F.Mask black gap,0,50,0.021143676,7.172128168803155,75.86938903525008,7.1827,75.8877,0.13
17-kumiko-void-standard-L01-black-enig-art,F.Mask black gap,17,21,0.021143676,7.1827,43.5561,7.17212816880315,43.53778903525007,0.13
17-kumiko-void-standard-L01-black-enig-art,F.Mask black gap,18,22,0.021143676,7.1827,92.0535,7.17212816880315,92.03518903525007,0.13
17-kumiko-void-standard-L01-black-enig-art,F.Mask black gap,148,150,0.021143676,21.1827,116.3022,21.17212816880315,116.28388903525007,0.13
17-kumiko-void-standard-L01-black-enig-art,F.Mask black gap,292,294,0.021143676,49.1827,116.3022,49.17212816880315,116.28388903525007,0.13
17-kumiko-void-standard-L01-black-enig-art,F.Mask black gap,436,438,0.021143676,77.1827,116.3022,77.17212816880314,116.28388903525007,0.13
17-kumiko-void-standard-L01-black-enig-art,F.Mask black gap,0,49,0.021143934,7.17212804795831,59.703588807707604,7.1827,59.7219,0.13
17-kumiko-void-standard-L01-black-enig-art,F.Mask black gap,183,228,0.021143934,35.1721280479583,108.2009888077076,35.1827,108.2193,0.13
17-kumiko-void-standard-L01-black-enig-art,F.Mask black gap,327,372,0.021143934,63.1721280479583,108.2009888077076,63.1827,108.2193,0.13
17-kumiko-void-standard-L01-black-enig-art,F.Mask black gap,471,524,0.021143934,91.17212804795831,108.2009888077076,91.1827,108.2193,0.13
17-kumiko-void-standard-L01-black-enig-art,F.Mask black gap,516,531,0.021145112,91.17212749514353,43.53778776678959,91.1827,43.5561,0.13
17-kumiko-void-standard-L01-black-enig-art,F.Mask black gap,517,538,0.021145112,91.17212749514353,92.03518776678959,91.1827,92.0535,0.13
17-kumiko-void-standard-L01-black-enig-art,F.Mask black gap,0,263,0.021145351,36.4548876083251,9.9234272906881,36.4732,9.934,0.13
17-kumiko-void-standard-L01-black-enig-art,F.Mask black gap,0,407,0.021145351,64.4548876083251,9.923427290688094,64.4732,9.934,0.13
17-kumiko-void-standard-L01-black-enig-art,F.Mask black gap,479,525,0.021145968,91.17212699325805,27.371987067716937,91.1827,27.3903,0.13
17-kumiko-void-standard-L01-black-enig-art,F.Mask black gap,480,526,0.021145968,91.17212699325805,59.70358706771694,91.1827,59.7219,0.13
17-kumiko-void-standard-L01-black-enig-art,F.Mask black gap,481,527,0.021145968,91.17212699325805,75.86938706771694,91.1827,75.8877,0.13
17-kumiko-void-standard-L01-black-enig-art,F.Mask black gap,0,556,0.021146195,92.4732,42.2656,92.45488680906426,42.255026986515695,0.13
17-kumiko-void-standard-L01-black-enig-art,F.Mask black gap,170,181,0.021146195,22.454886809064266,18.006326986515703,22.4732,18.0169,0.13
17-kumiko-void-standard-L01-black-enig-art,F.Mask black gap,314,325,0.021146195,50.45488680906426,18.006326986515703,50.4732,18.0169,0.13
17-kumiko-void-standard-L01-black-enig-art,F.Mask black gap,458,469,0.021146195,78.45488680906426,18.0063269865157,78.4732,18.0169,0.13
17-kumiko-void-standard-L01-black-enig-art,F.Mask black gap,0,579,0.021146235,92.4548868368093,58.42082685918789,92.4732,58.4314,0.13
17-kumiko-void-standard-L01-black-enig-art,F.Mask black gap,248,250,0.021146312,36.45488670603532,26.089226931799452,36.4732,26.0998,0.13
17-kumiko-void-standard-L01-black-enig-art,F.Mask black gap,392,394,0.021146312,64.45488670603532,26.08922693179945,64.4732,26.0998,0.13
17-kumiko-void-standard-L01-black-enig-art,F.Mask black gap,567,572,0.021146312,92.45488670603532,74.58662693179944,92.4732,74.5972,0.13
17-kumiko-void-standard-L01-black-enig-art,F.Mask black gap,0,179,0.021146559,22.4732,1.8511,22.454886487879214,1.840526815942054,0.13
17-kumiko-void-standard-L01-black-enig-art,F.Mask black gap,0,467,0.021146559,78.4732,1.8511,78.45488648787922,1.8405268159420518,0.13
17-kumiko-void-standard-L01-black-enig-art,F.Mask black gap,0,323,0.021146559,50.4732,1.8511,50.454886487879214,1.840526815942055,0.13
17-kumiko-void-standard-L01-black-enig-art,F.Mask black gap,246,262,0.021146923,36.45488621880253,106.918326553529,36.4732,106.9289,0.13
17-kumiko-void-standard-L01-black-enig-art,F.Mask black gap,390,406,0.021146923,64.45488621880253,106.918326553529,64.4732,106.9289,0.13
17-kumiko-void-standard-L01-black-enig-art,F.Mask black gap,565,580,0.02114795,92.45488525876664,9.92342616319459,92.4732,9.934,0.13
17-kumiko-void-standard-L01-black-enig-art,F.Mask black gap,247,252,0.02114956,36.45488383579258,123.08412540750187,36.4732,123.0947,0.13
17-kumiko-void-standard-L01-black-enig-art,F.Mask black gap,391,396,0.02114956,64.45488383579259,123.08412540750187,64.4732,123.0947,0.13
17-kumiko-void-standard-L01-black-enig-art,F.Mask black gap,172,183,0.021149639,22.454883765719888,115.0012253702889,22.4732,115.0118,0.13
17-kumiko-void-standard-L01-black-enig-art,F.Mask black gap,316,327,0.021149639,50.45488376571989,115.0012253702889,50.4732,115.0118,0.13
17-kumiko-void-standard-L01-black-enig-art,F.Mask black gap,460,471,0.021149639,78.45488376571988,115.0012253702889,78.4732,115.0118,0.13
17-kumiko-void-standard-L01-black-enig-art,F.Mask black gap,0,561,0.021186774,96.1955,84.3158,96.17715166682734,84.30520669735112,0.13
17-kumiko-void-standard-L01-black-enig-art,F.Mask black gap,71,87,0.021193324,8.4548460456701,90.7525033343254,8.4732,90.7631,0.13
17-kumiko-void-standard-L01-black-enig-art,F.Mask black gap,81,102,0.021199454,8.454840696746185,123.08410033826097,8.4732,123.0947,0.13
17-kumiko-void-standard-L01-black-enig-art,F.Mask black gap,0,37,0.0212,4.2777,83.4774,4.2777,83.4986,0.13
17-kumiko-void-standard-L01-black-enig-art,F.Mask black gap,0,2,0.0212,2.3889999999999993,83.4774,2.389,83.4986,0.13
17-kumiko-void-standard-L01-black-enig-art,F.Mask black gap,0,606,0.0212,97.611,83.4774,97.611,83.4986,0.13
17-kumiko-void-standard-L01-black-enig-art,F.Mask black gap,0,589,0.0212,95.7223,83.4774,95.7223,83.4986,0.13
17-kumiko-void-standard-L01-black-enig-art,F.Mask black gap,0,609,0.0212,100.389,107.7261,100.389,107.7473,0.13
17-kumiko-void-standard-L01-black-enig-art,F.Mask black gap,0,204,0.0212,35.0556,123.9131,35.0556,123.8919,0.13
17-kumiko-void-standard-L01-black-enig-art,F.Mask black gap,0,348,0.0212,63.0556,123.9131,63.0556,123.8919,0.13
17-kumiko-void-standard-L01-black-enig-art,F.Mask black gap,22,41,0.0212,7.0556,91.5815,7.0556,91.5603,0.13
17-kumiko-void-standard-L01-black-enig-art,F.Mask black gap,25,35,0.0212,4.2777,99.6432,4.2777,99.6644,0.13
17-kumiko-void-standard-L01-black-enig-art,F.Mask black gap,94,99,0.0212,8.9444,91.5815,8.9444,91.5603,0.13
17-kumiko-void-standard-L01-black-enig-art,F.Mask black gap,124,142,0.0212,16.389,107.7261,16.389,107.7473,0.13
17-kumiko-void-standard-L01-black-enig-art,F.Mask black gap,124,153,0.0212,18.2777,107.7261,18.2777,107.7473,0.13
17-kumiko-void-standard-L01-black-enig-art,F.Mask black gap,124,222,0.0212,35.0556,107.7261,35.0556,107.7473,0.13
17-kumiko-void-standard-L01-black-enig-art,F.Mask black gap,124,200,0.0212,25.7223,107.7261,25.7223,107.7473,0.13
17-kumiko-void-standard-L01-black-enig-art,F.Mask black gap,124,206,0.0212,27.611,107.7261,27.611,107.7473,0.13
17-kumiko-void-standard-L01-black-enig-art,F.Mask black gap,137,139,0.0212,13.611,115.809,13.611,115.8302,0.13
17-kumiko-void-standard-L01-black-enig-art,F.Mask black gap,150,157,0.0212,21.0556,115.8302,21.0556,115.809,0.13
17-kumiko-void-standard-L01-black-enig-art,F.Mask black gap,186,188,0.0212,22.9444,115.8302,22.9444,115.809,0.13
17-kumiko-void-standard-L01-black-enig-art,F.Mask black gap,257,269,0.0212,36.9444,107.7261,36.9444,107.7473,0.13
17-kumiko-void-standard-L01-black-enig-art,F.Mask black gap,257,286,0.0212,44.389,107.7261,44.389,107.7473,0.13
17-kumiko-void-standard-L01-black-enig-art,F.Mask black gap,257,297,0.0212,46.2777,107.7261,46.2777,107.7473,0.13
17-kumiko-void-standard-L01-black-enig-art,F.Mask black gap,257,350,0.0212,55.611,107.7261,55.611,107.7473,0.13
17-kumiko-void-standard-L01-black-enig-art,F.Mask black gap,257,344,0.0212,53.7223,107.7261,53.7223,107.7473,0.13
17-kumiko-void-standard-L01-black-enig-art,F.Mask black gap,257,366,0.0212,63.0556,107.7261,63.0556,107.7473,0.13
17-kumiko-void-standard-L01-black-enig-art,F.Mask black gap,281,284,0.0212,41.611,115.809,41.611,115.8302,0.13
17-kumiko-void-standard-L01-black-enig-art,F.Mask black gap,294,301,0.0212,49.0556,115.8302,49.0556,115.809,0.13
17-kumiko-void-standard-L01-black-enig-art,F.Mask black gap,330,332,0.0212,50.9444,115.8302,50.9444,115.809,0.13
17-kumiko-void-standard-L01-black-enig-art,F.Mask black gap,401,513,0.0212,91.0556,107.7261,91.0556,107.7473,0.13
17-kumiko-void-standard-L01-black-enig-art,F.Mask black gap,401,488,0.0212,81.7223,107.7261,81.7223,107.7473,0.13
17-kumiko-void-standard-L01-black-enig-art,F.Mask black gap,401,495,0.0212,83.611,107.7261,83.611,107.7473,0.13
17-kumiko-void-standard-L01-black-enig-art,F.Mask black gap,401,441,0.0212,74.2777,107.7261,74.2777,107.7473,0.13
17-kumiko-void-standard-L01-black-enig-art,F.Mask black gap,401,413,0.0212,64.9444,107.7261,64.9444,107.7473,0.13
17-kumiko-void-standard-L01-black-enig-art,F.Mask black gap,401,430,0.0212,72.389,107.7261,72.389,107.7473,0.13
17-kumiko-void-standard-L01-black-enig-art,F.Mask black gap,425,428,0.0212,69.611,115.809,69.611,115.8302,0.13
17-kumiko-void-standard-L01-black-enig-art,F.Mask black gap,438,445,0.0212,77.0556,115.8302,77.0556,115.809,0.13
17-kumiko-void-standard-L01-black-enig-art,F.Mask black gap,475,478,0.0212,78.9444,115.8302,78.9444,115.809,0.13
17-kumiko-void-standard-L01-black-enig-art,F.Mask black gap,492,493,0.0212,83.611,123.9131,83.611,123.8919,0.13
17-kumiko-void-standard-L01-black-enig-art,F.Mask black gap,510,517,0.0212,91.0556,91.5603,91.0556,91.5815,0.13
17-kumiko-void-standard-L01-black-enig-art,F.Mask black gap,576,578,0.0212,92.9444,91.5815,92.9444,91.5603,0.13
17-kumiko-void-standard-L01-black-enig-art,F.Mask black gap,570,581,0.021222244,92.45482097540986,123.08408891596997,92.4732,123.0947,0.13
17-kumiko-void-standard-L01-black-enig-art,F.Mask black gap,246,251,0.021516474,36.637666177798245,106.6017417781191,36.6563,106.6125,0.13
17-kumiko-void-standard-L01-black-enig-art,F.Mask black gap,390,395,0.021516474,64.63766617779824,106.6017417781191,64.6563,106.6125,0.13
17-kumiko-void-standard-L01-black-enig-art,F.Mask black gap,0,220,0.021536169,35.327749120093465,108.87053193298792,35.3464,108.8813,0.13
17-kumiko-void-standard-L01-black-enig-art,F.Mask black gap,0,364,0.021536169,63.327749120093465,108.87053193298792,63.3464,108.8813,0.13
17-kumiko-void-standard-L01-black-enig-art,F.Mask black gap,0,508,0.021536169,91.32774912009346,108.87053193298792,91.3464,108.8813,0.13
17-kumiko-void-standard-L01-black-enig-art,F.Mask black gap,246,307,0.021536273,49.327749031428866,84.62183187867689,49.3464,84.6326,0.13
17-kumiko-void-standard-L01-black-enig-art,F.Mask black gap,390,451,0.021536273,77.32774903142887,84.62183187867689,77.3464,84.6326,0.13
17-kumiko-void-standard-L01-black-enig-art,F.Mask black gap,125,163,0.021537638,21.327747866862136,84.62183116532498,21.3464,84.6326,0.13
17-kumiko-void-standard-L01-black-enig-art,F.Mask black gap,76,161,0.0215378,21.32774772938128,36.12443108111114,21.3464,36.1352,0.13
17-kumiko-void-standard-L01-black-enig-art,F.Mask black gap,174,219,0.021537805,35.32774772475942,11.875731078280026,35.3464,11.8865,0.13
17-kumiko-void-standard-L01-black-enig-art,F.Mask black gap,176,231,0.021537805,35.32774772475942,60.37313107828001,35.3464,60.3839,0.13
17-kumiko-void-standard-L01-black-enig-art,F.Mask black gap,244,305,0.021537805,49.32774772475942,36.124431078280026,49.3464,36.1352,0.13
17-kumiko-void-standard-L01-black-enig-art,F.Mask black gap,318,363,0.021537805,63.32774772475942,11.875731078280026,63.3464,11.8865,0.13
17-kumiko-void-standard-L01-black-enig-art,F.Mask black gap,320,375,0.021537805,63.32774772475942,60.37313107828001,63.3464,60.3839,0.13
17-kumiko-void-standard-L01-black-enig-art,F.Mask black gap,388,449,0.021537805,77.32774772475942,36.124431078280026,77.3464,36.1352,0.13
17-kumiko-void-standard-L01-black-enig-art,F.Mask black gap,462,507,0.021537805,91.32774772475942,11.875731078280026,91.3464,11.8865,0.13
17-kumiko-void-standard-L01-black-enig-art,F.Mask black gap,464,533,0.021537805,91.32774772475942,60.37313107828001,91.3464,60.3839,0.13
17-kumiko-void-standard-L01-black-enig-art,F.Mask black gap,82,95,0.021537896,9.124431030612937,10.07904764694195,9.1352,10.0977,0.13
17-kumiko-void-standard-L01-black-enig-art,F.Mask black gap,249,255,0.021537896,37.12443103061294,10.079047646941952,37.1352,10.0977,0.13
17-kumiko-void-standard-L01-black-enig-art,F.Mask black gap,251,257,0.021537896,37.12443103061293,107.07384764694196,37.1352,107.0925,0.13
17-kumiko-void-standard-L01-black-enig-art,F.Mask black gap,393,399,0.021537896,65.12443103061294,10.079047646941952,65.1352,10.0977,0.13
17-kumiko-void-standard-L01-black-enig-art,F.Mask black gap,395,401,0.021537896,65.12443103061294,107.07384764694196,65.1352,107.0925,0.13
17-kumiko-void-standard-L01-black-enig-art,F.Mask black gap,0,479,0.021537983,79.1352,34.3464,79.12443098548081,34.327747573262904,0.13
17-kumiko-void-standard-L01-black-enig-art,F.Mask black gap,0,481,0.021537983,79.1352,82.8438,79.12443098548081,82.8251475732629,0.13
17-kumiko-void-standard-L01-black-enig-art,F.Mask black gap,85,97,0.021537983,9.124430985480812,58.576447573262904,9.1352,58.5951,0.13
17-kumiko-void-standard-L01-black-enig-art,F.Mask black gap,189,194,0.021537983,23.124430985480814,34.327747573262904,23.1352,34.3464,0.13
17-kumiko-void-standard-L01-black-enig-art,F.Mask black gap,191,195,0.021537983,23.124430985480814,82.8251475732629,23.1352,82.8438,0.13
17-kumiko-void-standard-L01-black-enig-art,F.Mask black gap,259,264,0.021537983,37.124430985480814,58.576447573262904,37.1352,58.5951,0.13
17-kumiko-void-standard-L01-black-enig-art,F.Mask black gap,333,338,0.021537983,51.124430985480814,34.327747573262904,51.1352,34.3464,0.13
17-kumiko-void-standard-L01-black-enig-art,F.Mask black gap,335,339,0.021537983,51.124430985480814,82.8251475732629,51.1352,82.8438,0.13
17-kumiko-void-standard-L01-black-enig-art,F.Mask black gap,403,408,0.021537983,65.12443098548081,58.576447573262904,65.1352,58.5951,0.13
17-kumiko-void-standard-L01-black-enig-art,F.Mask black gap,0,33,0.02153831,7.327747294381423,11.87573081465169,7.3464,11.8865,0.13
17-kumiko-void-standard-L01-black-enig-art,F.Mask black gap,0,29,0.02153831,7.327747294381425,60.37313081465169,7.3464,60.3839,0.13
17-kumiko-void-standard-L01-black-enig-art,F.Mask black gap,74,82,0.021562812,8.637626071428897,9.606918568110192,8.6563,9.6177,0.13
17-kumiko-void-standard-L01-black-enig-art,F.Mask black gap,0,393,0.021563928,64.63762511028469,9.606918001455133,64.6563,9.6177,0.13
17-kumiko-void-standard-L01-black-enig-art,F.Mask black gap,0,249,0.021563928,36.637625110284695,9.606918001455137,36.6563,9.6177,0.13
17-kumiko-void-standard-L01-black-enig-art,F.Mask black gap,0,183,0.021564763,34.8664,108.4024,34.85561762205443,108.38372436566875,0.13
17-kumiko-void-standard-L01-black-enig-art,F.Mask black gap,0,327,0.021564763,62.8664,108.4024,62.85561762205443,108.38372436566875,0.13
17-kumiko-void-standard-L01-black-enig-art,F.Mask black gap,0,471,0.021564763,90.8664,108.4024,90.85561762205442,108.38372436566875,0.13
17-kumiko-void-standard-L01-black-enig-art,F.Mask black gap,174,181,0.021564763,34.8664,11.4076,34.85561762205443,11.388924365668762,0.13
17-kumiko-void-standard-L01-black-enig-art,F.Mask black gap,318,325,0.021564763,62.8664,11.4076,62.85561762205443,11.388924365668762,0.13
17-kumiko-void-standard-L01-black-enig-art,F.Mask black gap,462,469,0.021564763,90.8664,11.4076,90.85561762205442,11.388924365668759,0.13
17-kumiko-void-standard-L01-black-enig-art,F.Mask black gap,76,83,0.021564765,20.8664,35.6563,20.85561759429267,35.63762437911127,0.13
17-kumiko-void-standard-L01-black-enig-art,F.Mask black gap,176,190,0.021564765,34.8664,59.905,34.85561759429267,59.886324379111265,0.13
17-kumiko-void-standard-L01-black-enig-art,F.Mask black gap,244,258,0.021564765,48.8664,35.6563,48.85561759429267,35.637624379111266,0.13
17-kumiko-void-standard-L01-black-enig-art,F.Mask black gap,246,260,0.021564765,48.8664,84.1537,48.85561759429267,84.13502437911127,0.13
17-kumiko-void-standard-L01-black-enig-art,F.Mask black gap,320,334,0.021564765,62.8664,59.905,62.85561759429267,59.886324379111265,0.13
17-kumiko-void-standard-L01-black-enig-art,F.Mask black gap,388,402,0.021564765,76.8664,35.6563,76.85561759429268,35.63762437911127,0.13
17-kumiko-void-standard-L01-black-enig-art,F.Mask black gap,390,404,0.021564765,76.8664,84.1537,76.85561759429267,84.13502437911127,0.13
17-kumiko-void-standard-L01-black-enig-art,F.Mask black gap,464,480,0.021564765,90.8664,59.905,90.85561759429267,59.88632437911127,0.13
17-kumiko-void-standard-L01-black-enig-art,F.Mask black gap,87,125,0.021564774,20.85561759021975,84.13502437161256,20.8664,84.1537,0.13
17-kumiko-void-standard-L01-black-enig-art,F.Mask black gap,76,85,0.02156487,8.637624309019916,58.10431750582144,8.6563,58.1151,0.13
17-kumiko-void-standard-L01-black-enig-art,F.Mask black gap,174,189,0.021564943,22.637624223004252,33.85561750950311,22.6563,33.8664,0.13
17-kumiko-void-standard-L01-black-enig-art,F.Mask black gap,176,191,0.021564943,22.637624223004256,82.35301750950312,22.6563,82.3638,0.13
17-kumiko-void-standard-L01-black-enig-art,F.Mask black gap,244,259,0.021564943,36.63762422300425,58.10431750950311,36.6563,58.1151,0.13
17-kumiko-void-standard-L01-black-enig-art,F.Mask black gap,318,333,0.021564943,50.63762422300425,33.85561750950311,50.6563,33.8664,0.13
17-kumiko-void-standard-L01-black-enig-art,F.Mask black gap,320,335,0.021564943,50.63762422300426,82.35301750950312,50.6563,82.3638,0.13
17-kumiko-void-standard-L01-black-enig-art,F.Mask black gap,388,403,0.021564943,64.63762422300425,58.10431750950311,64.6563,58.1151,0.13
17-kumiko-void-standard-L01-black-enig-art,F.Mask black gap,462,479,0.021564943,78.63762422300425,33.85561750950311,78.6563,33.8664,0.13
17-kumiko-void-standard-L01-black-enig-art,F.Mask black gap,464,481,0.021564943,78.63762422300425,82.35301750950312,78.6563,82.3638,0.13
17-kumiko-void-standard-L01-black-enig-art,F.Mask black gap,0,565,0.021572064,92.6563,9.6177,92.63761797565205,9.606914087831097,0.13
17-kumiko-void-standard-L01-black-enig-art,F.Mask black gap,0,83,0.0216,20.6901,34.98,20.6901,35.0016,0.13
17-kumiko-void-standard-L01-black-enig-art,F.Mask black gap,0,532,0.0216,92.0016,57.9388,91.98,57.9388,0.13
17-kumiko-void-standard-L01-black-enig-art,F.Mask black gap,0,482,0.0216,79.3099,34.98,79.3099,35.0016,0.13
17-kumiko-void-standard-L01-black-enig-art,F.Mask black gap,0,87,0.0216,20.6901,83.4774,20.6901,83.499,0.13
17-kumiko-void-standard-L01-black-enig-art,F.Mask black gap,0,533,0.0216,92.0016,60.5586,91.98,60.5586,0.13
17-kumiko-void-standard-L01-black-enig-art,F.Mask black gap,0,483,0.0216,79.3099,83.4774,79.3099,83.499,0.13
17-kumiko-void-standard-L01-black-enig-art,F.Mask black gap,0,30,0.0216,8.0016,109.056,7.98,109.056,0.13
17-kumiko-void-standard-L01-black-enig-art,F.Mask black gap,23,76,0.0216,7.98,57.9388,8.0016,57.9388,0.13
17-kumiko-void-standard-L01-black-enig-art,F.Mask black gap,29,77,0.0216,7.98,60.5586,8.0016,60.5586,0.13
17-kumiko-void-standard-L01-black-enig-art,F.Mask black gap,33,75,0.0216,7.98,12.0612,8.0016,12.0612,0.13
17-kumiko-void-standard-L01-black-enig-art,F.Mask black gap,51,74,0.0216,7.98,9.4414,8.0016,9.4414,0.13
17-kumiko-void-standard-L01-black-enig-art,F.Mask black gap,89,95,0.0216,9.3099,10.7529,9.3099,10.7313,0.13
17-kumiko-void-standard-L01-black-enig-art,F.Mask black gap,92,97,0.0216,9.3099,59.2503,9.3099,59.2287,0.13
17-kumiko-void-standard-L01-black-enig-art,F.Mask black gap,95,181,0.0216,34.6901,10.7313,34.6901,10.7529,0.13
17-kumiko-void-standard-L01-black-enig-art,F.Mask black gap,97,190,0.0216,34.6901,59.2287,34.6901,59.2503,0.13
17-kumiko-void-standard-L01-black-enig-art,F.Mask black gap,124,183,0.0216,34.6901,107.7261,34.6901,107.7477,0.13
17-kumiko-void-standard-L01-black-enig-art,F.Mask black gap,151,174,0.0216,21.98,33.6901,22.0016,33.6901,0.13
17-kumiko-void-standard-L01-black-enig-art,F.Mask black gap,161,175,0.0216,21.98,36.3099,22.0016,36.3099,0.13
17-kumiko-void-standard-L01-black-enig-art,F.Mask black gap,162,176,0.0216,21.98,82.1875,22.0016,82.1875,0.13
17-kumiko-void-standard-L01-black-enig-art,F.Mask black gap,163,177,0.0216,21.98,84.8073,22.0016,84.8073,0.13
17-kumiko-void-standard-L01-black-enig-art,F.Mask black gap,192,194,0.0216,23.3099,35.0016,23.3099,34.98,0.13
17-kumiko-void-standard-L01-black-enig-art,F.Mask black gap,193,195,0.0216,23.3099,83.499,23.3099,83.4774,0.13
17-kumiko-void-standard-L01-black-enig-art,F.Mask black gap,194,258,0.0216,48.6901,34.98,48.6901,35.0016,0.13
17-kumiko-void-standard-L01-black-enig-art,F.Mask black gap,195,260,0.0216,48.6901,83.4774,48.6901,83.499,0.13
17-kumiko-void-standard-L01-black-enig-art,F.Mask black gap,219,243,0.0216,35.98,12.0612,36.0016,12.0612,0.13
17-kumiko-void-standard-L01-black-enig-art,F.Mask black gap,229,246,0.0216,35.98,106.4362,36.0016,106.4362,0.13
17-kumiko-void-standard-L01-black-enig-art,F.Mask black gap,230,244,0.0216,35.98,57.9388,36.0016,57.9388,0.13
17-kumiko-void-standard-L01-black-enig-art,F.Mask black gap,231,245,0.0216,35.98,60.5586,36.0016,60.5586,0.13
17-kumiko-void-standard-L01-black-enig-art,F.Mask black gap,253,255,0.0216,37.3099,10.7529,37.3099,10.7313,0.13
17-kumiko-void-standard-L01-black-enig-art,F.Mask black gap,254,257,0.0216,37.3099,107.7477,37.3099,107.7261,0.13
17-kumiko-void-standard-L01-black-enig-art,F.Mask black gap,255,325,0.0216,62.6901,10.7313,62.6901,10.7529,0.13
17-kumiko-void-standard-L01-black-enig-art,F.Mask black gap,257,327,0.0216,62.6901,107.7261,62.6901,107.7477,0.13
17-kumiko-void-standard-L01-black-enig-art,F.Mask black gap,261,264,0.0216,37.3099,59.2503,37.3099,59.2287,0.13
17-kumiko-void-standard-L01-black-enig-art,F.Mask black gap,264,334,0.0216,62.6901,59.2287,62.6901,59.2503,0.13
17-kumiko-void-standard-L01-black-enig-art,F.Mask black gap,295,318,0.0216,49.98,33.6901,50.0016,33.6901,0.13
17-kumiko-void-standard-L01-black-enig-art,F.Mask black gap,305,319,0.0216,49.98,36.3099,50.0016,36.3099,0.13
17-kumiko-void-standard-L01-black-enig-art,F.Mask black gap,306,320,0.0216,49.98,82.1875,50.0016,82.1875,0.13
17-kumiko-void-standard-L01-black-enig-art,F.Mask black gap,307,321,0.0216,49.98,84.8073,50.0016,84.8073,0.13
17-kumiko-void-standard-L01-black-enig-art,F.Mask black gap,336,338,0.0216,51.3099,35.0016,51.3099,34.98,0.13
17-kumiko-void-standard-L01-black-enig-art,F.Mask black gap,337,339,0.0216,51.3099,83.499,51.3099,83.4774,0.13
17-kumiko-void-standard-L01-black-enig-art,F.Mask black gap,338,402,0.0216,76.6901,34.98,76.6901,35.0016,0.13
17-kumiko-void-standard-L01-black-enig-art,F.Mask black gap,339,404,0.0216,76.6901,83.4774,76.6901,83.499,0.13
17-kumiko-void-standard-L01-black-enig-art,F.Mask black gap,363,387,0.0216,63.98,12.0612,64.0016,12.0612,0.13
17-kumiko-void-standard-L01-black-enig-art,F.Mask black gap,373,390,0.0216,63.98,106.4362,64.0016,106.4362,0.13
17-kumiko-void-standard-L01-black-enig-art,F.Mask black gap,374,388,0.0216,63.98,57.9388,64.0016,57.9388,0.13
17-kumiko-void-standard-L01-black-enig-art,F.Mask black gap,375,389,0.0216,63.98,60.5586,64.0016,60.5586,0.13
17-kumiko-void-standard-L01-black-enig-art,F.Mask black gap,397,399,0.0216,65.3099,10.7529,65.3099,10.7313,0.13
17-kumiko-void-standard-L01-black-enig-art,F.Mask black gap,398,401,0.0216,65.3099,107.7477,65.3099,107.7261,0.13
17-kumiko-void-standard-L01-black-enig-art,F.Mask black gap,399,469,0.0216,90.6901,10.7313,90.6901,10.7529,0.13
17-kumiko-void-standard-L01-black-enig-art,F.Mask black gap,401,471,0.0216,90.6901,107.7261,90.6901,107.7477,0.13
17-kumiko-void-standard-L01-black-enig-art,F.Mask black gap,405,408,0.0216,65.3099,59.2503,65.3099,59.2287,0.13
17-kumiko-void-standard-L01-black-enig-art,F.Mask black gap,408,480,0.0216,90.6901,59.2287,90.6901,59.2503,0.13
17-kumiko-void-standard-L01-black-enig-art,F.Mask black gap,439,462,0.0216,77.98,33.6901,78.0016,33.6901,0.13
17-kumiko-void-standard-L01-black-enig-art,F.Mask black gap,449,463,0.0216,77.98,36.3099,78.0016,36.3099,0.13
17-kumiko-void-standard-L01-black-enig-art,F.Mask black gap,450,464,0.0216,77.98,82.1875,78.0016,82.1875,0.13
17-kumiko-void-standard-L01-black-enig-art,F.Mask black gap,451,465,0.0216,77.98,84.8073,78.0016,84.8073,0.13
17-kumiko-void-standard-L01-black-enig-art,F.Mask black gap,507,566,0.0216,91.98,12.0612,92.0016,12.0612,0.13
17-kumiko-void-standard-L01-black-enig-art,F.Mask black gap,540,565,0.0216,91.98,9.4414,92.0016,9.4414,0.13
17-kumiko-void-standard-L01-black-enig-art,F.Mask black gap,207,223,0.023936368,35.394747,26.65,35.40671516174583,26.67072951615595,0.13
17-kumiko-void-standard-L01-black-enig-art,F.Mask black gap,351,367,0.023936368,63.394747,26.65,63.40671516174583,26.67072951615595,0.13
17-kumiko-void-standard-L01-black-enig-art,F.Mask black gap,496,514,0.023936368,91.394747,26.65,91.40671516174582,26.670729516155955,0.13
17-kumiko-void-standard-L01-black-enig-art,F.Mask black gap,51,54,0.042381184,7.5592299855397505,9.835648174005494,7.5288,9.865147,0.13
17-kumiko-void-standard-L01-black-enig-art,F.Mask black gap,540,543,0.042383968,91.5592319845743,9.835650236141538,91.5288,9.865151,0.13
17-kumiko-void-standard-L01-black-enig-art,F.Mask black gap,220,236,0.042384664,35.559232484332924,108.66174924832445,35.5288,108.632248,0.13
17-kumiko-void-standard-L01-black-enig-art,F.Mask black gap,364,380,0.042384664,63.559232484332924,108.66174924832445,63.5288,108.632248,0.13
17-kumiko-void-standard-L01-black-enig-art,F.Mask black gap,508,551,0.042384664,91.55923248433292,108.66174924832445,91.5288,108.632248,0.13
17-kumiko-void-standard-L01-black-enig-art,F.Mask black gap,23,58,0.042386056,7.559233483850204,58.33305178274357,7.5288,58.362554,0.13
17-kumiko-void-standard-L01-black-enig-art,F.Mask black gap,29,59,0.042386056,7.559233483850201,60.16434821725643,7.5288,60.134846,0.13
17-kumiko-void-standard-L01-black-enig-art,F.Mask black gap,33,55,0.042386056,7.559233483850203,11.666948217256433,7.5288,11.637446,0.13
17-kumiko-void-standard-L01-black-enig-art,F.Mask black gap,219,234,0.042386752,35.55923398360884,11.666947701722425,35.5288,11.637445,0.13
17-kumiko-void-standard-L01-black-enig-art,F.Mask black gap,363,378,0.042386752,63.55923398360884,11.666947701722425,63.5288,11.637445,0.13
17-kumiko-void-standard-L01-black-enig-art,F.Mask black gap,507,544,0.042386752,91.55923398360885,11.66694770172242,91.5288,11.637445,0.13
17-kumiko-void-standard-L01-black-enig-art,F.Mask black gap,532,547,0.042386752,91.55923398360883,58.33305229827758,91.5288,58.362555,0.13
17-kumiko-void-standard-L01-black-enig-art,F.Mask black gap,533,548,0.042386752,91.55923398360883,60.16434770172242,91.5288,60.134845,0.13
17-kumiko-void-standard-L01-black-enig-art,F.Mask black gap,95,224,0.042387448,35.08435281381159,10.310534483367475,35.113856,10.2801,0.13
17-kumiko-void-standard-L01-black-enig-art,F.Mask black gap,95,114,0.042387448,8.915647186188412,10.310534483367476,8.886144,10.2801,0.13
17-kumiko-void-standard-L01-black-enig-art,F.Mask black gap,97,116,0.042387448,8.91564718618841,58.80793448336748,8.886144,58.7775,0.13
17-kumiko-void-standard-L01-black-enig-art,F.Mask black gap,255,266,0.042387448,36.91564718618841,10.310534483367475,36.886144,10.2801,0.13
17-kumiko-void-standard-L01-black-enig-art,F.Mask black gap,255,368,0.042387448,63.08435281381159,10.310534483367475,63.113856,10.2801,0.13
17-kumiko-void-standard-L01-black-enig-art,F.Mask black gap,399,518,0.042387448,91.08435281381159,10.310534483367475,91.113856,10.2801,0.13
17-kumiko-void-standard-L01-black-enig-art,F.Mask black gap,399,410,0.042387448,64.91564718618841,10.310534483367475,64.886144,10.2801,0.13
17-kumiko-void-standard-L01-black-enig-art,F.Mask black gap,408,520,0.042387448,91.08435281381159,58.807934483367475,91.113856,58.7775,0.13
17-kumiko-void-standard-L01-black-enig-art,F.Mask black gap,124,225,0.04238762,35.08435267708143,107.3053345901854,35.113856,107.2749,0.13
17-kumiko-void-standard-L01-black-enig-art,F.Mask black gap,257,369,0.04238762,63.08435267708143,107.3053345901854,63.113856,107.2749,0.13
17-kumiko-void-standard-L01-black-enig-art,F.Mask black gap,257,267,0.04238762,36.91564732291857,107.3053345901854,36.886144,107.2749,0.13
17-kumiko-void-standard-L01-black-enig-art,F.Mask black gap,401,522,0.04238762,91.08435267708143,107.3053345901854,91.113856,107.2749,0.13
17-kumiko-void-standard-L01-black-enig-art,F.Mask black gap,401,411,0.04238762,64.91564732291857,107.3053345901854,64.886144,107.2749,0.13
17-kumiko-void-standard-L01-black-enig-art,F.Mask black gap,0,559,0.042394239,92.07611527031882,60.26215070315023,92.035,60.251816,0.13
17-kumiko-void-standard-L01-black-enig-art,F.Mask black gap,0,241,0.042394239,36.07611527031882,108.75955070315024,36.035,108.749216,0.13
17-kumiko-void-standard-L01-black-enig-art,F.Mask black gap,0,385,0.042394239,64.07611527031882,108.75955070315024,64.035,108.749216,0.13
17-kumiko-void-standard-L01-black-enig-art,F.Mask black gap,0,563,0.042394239,92.07611527031882,108.75955070315024,92.035,108.749216,0.13
17-kumiko-void-standard-L01-black-enig-art,F.Mask black gap,89,119,0.042394239,9.013450703150237,10.827415270318824,9.003116,10.7863,0.13
17-kumiko-void-standard-L01-black-enig-art,F.Mask black gap,181,221,0.042394239,34.986549296849766,10.827415270318824,34.996884,10.7863,0.13
17-kumiko-void-standard-L01-black-enig-art,F.Mask black gap,253,268,0.042394239,37.013450703150234,10.827415270318824,37.003116,10.7863,0.13
17-kumiko-void-standard-L01-black-enig-art,F.Mask black gap,325,365,0.042394239,62.986549296849766,10.827415270318824,62.996884,10.7863,0.13
17-kumiko-void-standard-L01-black-enig-art,F.Mask black gap,397,412,0.042394239,65.01345070315024,10.827415270318822,65.003116,10.7863,0.13
17-kumiko-void-standard-L01-black-enig-art,F.Mask black gap,469,511,0.042394239,90.98654929684976,10.827415270318822,90.996884,10.7863,0.13
17-kumiko-void-standard-L01-black-enig-art,F.Mask black gap,554,565,0.042394239,92.035,9.748184,92.07611527031882,9.737849296849763,0.13
17-kumiko-void-standard-L01-black-enig-art,F.Mask black gap,62,74,0.042394483,8.035,9.748185,8.07611550674059,9.737850237422967,0.13
17-kumiko-void-standard-L01-black-enig-art,F.Mask black gap,68,77,0.042394483,8.035,60.251815,8.07611550674059,60.26214976257703,0.13
17-kumiko-void-standard-L01-black-enig-art,F.Mask black gap,92,120,0.042395215,9.01344694085742,59.32481621600589,9.003112,59.2837,0.13
17-kumiko-void-standard-L01-black-enig-art,F.Mask black gap,251,262,0.04239601,36.57256535198285,106.9066794971024,36.531789,106.895073,0.13
17-kumiko-void-standard-L01-black-enig-art,F.Mask black gap,395,406,0.04239601,64.57256535198285,106.9066794971024,64.531789,106.895073,0.13
17-kumiko-void-standard-L01-black-enig-art,F.Mask black gap,480,512,0.042396921,90.986559643155,59.324817870958256,90.996895,59.2837,0.13
17-kumiko-void-standard-L01-black-enig-art,F.Mask black gap,174,226,0.042399177,35.16039431917831,11.323918410728416,35.148787,11.283139,0.13
17-kumiko-void-standard-L01-black-enig-art,F.Mask black gap,318,370,0.042399177,63.16039431917831,11.323918410728416,63.148787,11.283139,0.13
17-kumiko-void-standard-L01-black-enig-art,F.Mask black gap,462,523,0.042399177,91.16039431917831,11.323918410728416,91.148787,11.283139,0.13
17-kumiko-void-standard-L01-black-enig-art,F.Mask black gap,240,246,0.0424106,36.035,106.743084,36.0761314084292,106.73274638694566,0.13
17-kumiko-void-standard-L01-black-enig-art,F.Mask black gap,384,390,0.0424106,64.035,106.743084,64.07613140842919,106.73274638694566,0.13
17-kumiko-void-standard-L01-black-enig-art,F.Mask black gap,82,100,0.042418086,8.57259359709026,9.911781495685346,8.531796,9.900169,0.13
17-kumiko-void-standard-L01-black-enig-art,F.Mask black gap,0,558,0.042418617,92.07613891249551,58.23534335417017,92.035,58.245684,0.13
17-kumiko-void-standard-L01-black-enig-art,F.Mask black gap,63,75,0.042418617,8.035,11.754316,8.076138912495512,11.76465664582983,0.13
17-kumiko-void-standard-L01-black-enig-art,F.Mask black gap,67,76,0.042418617,8.035,58.245684,8.076138912495512,58.23534335417017,0.13
17-kumiko-void-standard-L01-black-enig-art,F.Mask black gap,238,243,0.042418617,36.035,11.754316,36.076138912495516,11.764656645829831,0.13
17-kumiko-void-standard-L01-black-enig-art,F.Mask black gap,382,387,0.042418617,64.035,11.754316,64.07613891249551,11.764656645829831,0.13
17-kumiko-void-standard-L01-black-enig-art,F.Mask black gap,555,566,0.042418617,92.035,11.754316,92.07613891249551,11.764656645829831,0.13
17-kumiko-void-standard-L01-black-enig-art,F.Mask black gap,249,263,0.042420423,36.57259284564329,9.911784135706188,36.531793,9.900171,0.13
17-kumiko-void-standard-L01-black-enig-art,F.Mask black gap,393,407,0.042420423,64.57259284564329,9.91178413570619,64.531793,9.900171,0.13
17-kumiko-void-standard-L01-black-enig-art,F.Mask black gap,85,101,0.042423035,8.572592357500668,58.40918585067312,8.53179,58.397572,0.13
17-kumiko-void-standard-L01-black-enig-art,F.Mask black gap,0,228,0.042423147,35.16048792168427,108.31869145384057,35.148874,108.277889,0.13
17-kumiko-void-standard-L01-black-enig-art,F.Mask black gap,0,372,0.042423147,63.16048792168427,108.31869145384057,63.148874,108.277889,0.13
17-kumiko-void-standard-L01-black-enig-art,F.Mask black gap,0,524,0.042423147,91.16048792168428,108.31869145384057,91.148874,108.277889,0.13
17-kumiko-void-standard-L01-black-enig-art,F.Mask black gap,464,526,0.042423864,91.16049007749743,59.821291154391105,91.148876,59.780488,0.13
17-kumiko-void-standard-L01-black-enig-art,F.Mask black gap,0,580,0.042426061,92.57259126780326,9.911789679052214,92.531786,9.900175,0.13
17-kumiko-void-standard-L01-black-enig-art,F.Mask black gap,183,222,0.042436657,34.986712956587276,107.82225640770626,34.997058,107.7811,0.13
17-kumiko-void-standard-L01-black-enig-art,F.Mask black gap,254,269,0.042436657,37.013287043412724,107.82225640770626,37.002942,107.7811,0.13
17-kumiko-void-standard-L01-black-enig-art,F.Mask black gap,327,366,0.042436657,62.986712956587276,107.82225640770626,62.997058,107.7811,0.13
17-kumiko-void-standard-L01-black-enig-art,F.Mask black gap,398,413,0.042436657,65.01328704341273,107.82225640770626,65.002942,107.7811,0.13
17-kumiko-void-standard-L01-black-enig-art,F.Mask black gap,471,513,0.042436657,90.98671295658727,107.82225640770626,90.997058,107.7811,0.13
17-kumiko-void-standard-L01-black-enig-art,F.Mask black gap,229,235,0.042455107,35.559283048972084,106.83050270662272,35.5288,106.860053,0.13
17-kumiko-void-standard-L01-black-enig-art,F.Mask black gap,373,379,0.042455107,63.559283048972084,106.83050270662272,63.5288,106.860053,0.13
17-kumiko-void-standard-L01-black-enig-art,F.Mask black gap,32,34,0.045,4.18,2.6484,4.18,2.6934,0.13
17-kumiko-void-standard-L01-black-enig-art,F.Mask black gap,216,223,0.097214484,35.46136116700062,26.583052743414076,35.412754,26.667243,0.13
17-kumiko-void-standard-L01-black-enig-art,F.Mask black gap,360,367,0.097214484,63.46136116700062,26.583052743414076,63.412754,26.667243,0.13
17-kumiko-void-standard-L01-black-enig-art,F.Mask black gap,504,514,0.097214484,91.46136116700062,26.583052743414083,91.412754,26.667243,0.13
17-kumiko-void-standard-L01-black-enig-art,F.Mask black gap,250,256,0.097214632,36.53863871581701,26.583052640667578,36.587246,26.667243,0.13
17-kumiko-void-standard-L01-black-enig-art,F.Mask black gap,394,400,0.097214632,64.538638715817,26.58305264066758,64.587246,26.667243,0.13
17-kumiko-void-standard-L01-black-enig-art,F.Mask black gap,121,124,0.099806427,9.422196885118451,107.81253495776757,9.4721,107.7261,0.13
17-kumiko-void-standard-L01-black-enig-art,F.Mask black gap,0,391,0.108866607,64.6536,122.73993,64.599168,122.834212,0.13
17-kumiko-void-standard-L01-black-enig-art,F.Mask black gap,0,247,0.108866607,36.6536,122.73993,36.599168,122.834212,0.13
17-kumiko-void-standard-L01-black-enig-art,F.Mask black gap,0,40,0.108967,6.65823,43.0629,6.767197,43.0629,0.13
17-kumiko-void-standard-L01-black-enig-art,F.Mask black gap,0,577,0.108967,93.34177,43.0629,93.232803,43.0629,0.13
17-kumiko-void-standard-L01-black-enig-art,F.Mask black gap,96,122,0.108967,9.232803,43.0629,9.34177,43.0629,0.13
17-kumiko-void-standard-L01-black-enig-art,F.Mask black gap,136,156,0.108967,20.65823,18.8142,20.767197,18.8142,0.13
17-kumiko-void-standard-L01-black-enig-art,F.Mask black gap,174,187,0.108967,23.34177,18.8142,23.232803,18.8142,0.13
17-kumiko-void-standard-L01-black-enig-art,F.Mask black gap,280,300,0.108967,48.65823,18.8142,48.767197,18.8142,0.13
17-kumiko-void-standard-L01-black-enig-art,F.Mask black gap,318,331,0.108967,51.34177,18.8142,51.232803,18.8142,0.13
17-kumiko-void-standard-L01-black-enig-art,F.Mask black gap,424,444,0.108967,76.65823,18.8142,76.767197,18.8142,0.13
17-kumiko-void-standard-L01-black-enig-art,F.Mask black gap,462,477,0.108967,79.34177,18.8142,79.232803,18.8142,0.13
17-kumiko-void-standard-L01-black-enig-art,F.Mask black gap,528,541,0.108972415,91.311824,28.069104,91.36631,27.974731,0.13
17-kumiko-void-standard-L01-black-enig-art,F.Mask black gap,95,164,0.108990406,21.311818,3.820407,21.366314,3.726019,0.13
17-kumiko-void-standard-L01-black-enig-art,F.Mask black gap,255,308,0.108990406,49.311818,3.820407,49.366314,3.726019,0.13
17-kumiko-void-standard-L01-black-enig-art,F.Mask black gap,399,452,0.108990406,77.311818,3.820407,77.366314,3.726019,0.13
17-kumiko-void-standard-L01-black-enig-art,F.Mask black gap,78,110,0.109104142,8.599048,74.336939,8.6536,74.242452,0.13
17-kumiko-void-standard-L01-black-enig-art,F.Mask black gap,79,103,0.109104142,8.599048,44.160461,8.6536,44.254948,0.13
17-kumiko-void-standard-L01-black-enig-art,F.Mask black gap,80,111,0.109104142,8.599048,92.657861,8.6536,92.752348,0.13
17-kumiko-void-standard-L01-black-enig-art,F.Mask black gap,0,568,0.109130561,92.6536,44.254958,92.599035,44.160448,0.13
17-kumiko-void-standard-L01-black-enig-art,F.Mask black gap,0,567,0.109130561,92.6536,74.242442,92.599035,74.336952,0.13
17-kumiko-void-standard-L01-black-enig-art,F.Mask black gap,0,569,0.109130561,92.6536,92.752358,92.599035,92.657848,0.13
17-kumiko-void-standard-L01-black-enig-art,F.Mask black gap,174,178,0.109130561,22.6536,20.006258,22.599035,19.911748,0.13
17-kumiko-void-standard-L01-black-enig-art,F.Mask black gap,243,248,0.109130561,36.6536,25.745042,36.599035,25.839552,0.13
17-kumiko-void-standard-L01-black-enig-art,F.Mask black gap,318,322,0.109130561,50.6536,20.006258,50.599035,19.911748,0.13
17-kumiko-void-standard-L01-black-enig-art,F.Mask black gap,387,392,0.109130561,64.6536,25.745042,64.599035,25.839552,0.13
17-kumiko-void-standard-L01-black-enig-art,F.Mask black gap,462,466,0.109130561,78.6536,20.006258,78.599035,19.911748,0.13
17-kumiko-void-standard-L01-black-enig-art,F.Mask black gap,0,52,0.109132427,7.311783,28.069127,7.36635,27.974616,0.13
17-kumiko-void-standard-L01-black-enig-art,F.Mask black gap,0,180,0.10916231,22.6536,117.00107,22.59902,116.906532,0.13
17-kumiko-void-standard-L01-black-enig-art,F.Mask black gap,0,468,0.10916231,78.6536,117.00107,78.59902,116.906532,0.13
17-kumiko-void-standard-L01-black-enig-art,F.Mask black gap,0,324,0.10916231,50.6536,117.00107,50.59902,116.906532,0.13
17-kumiko-void-standard-L01-black-enig-art,F.Mask black gap,0,81,0.109178934,8.6536,122.739836,8.599011,122.834388,0.13
17-kumiko-void-standard-L01-black-enig-art,F.Mask black gap,535,542,0.109257824,91.311737,76.566654,91.366366,76.472034,0.13
17-kumiko-void-standard-L01-black-enig-art,F.Mask black gap,0,53,0.109275314,7.311732,76.566657,7.36637,76.472022,0.13
17-kumiko-void-standard-L01-black-enig-art,F.Mask black gap,0,570,0.109291438,92.6536,122.739793,92.598954,122.834442,0.13
17-kumiko-void-standard-L01-black-enig-art,F.Mask black gap,0,41,0.109521,6.658058,91.5603,6.767579,91.5603,0.13
17-kumiko-void-standard-L01-black-enig-art,F.Mask black gap,0,188,0.109522,23.341943,115.809,23.232421,115.809,0.13
17-kumiko-void-standard-L01-black-enig-art,F.Mask black gap,0,332,0.109522,51.341943,115.809,51.232421,115.809,0.13
17-kumiko-void-standard-L01-black-enig-art,F.Mask black gap,0,578,0.109522,93.341943,91.5603,93.232421,91.5603,0.13
17-kumiko-void-standard-L01-black-enig-art,F.Mask black gap,0,478,0.109522,79.341943,115.809,79.232421,115.809,0.13
17-kumiko-void-standard-L01-black-enig-art,F.Mask black gap,99,123,0.109522,9.232421,91.5603,9.341943,91.5603,0.13
17-kumiko-void-standard-L01-black-enig-art,F.Mask black gap,137,157,0.109522,20.658057,115.809,20.767579,115.809,0.13
17-kumiko-void-standard-L01-black-enig-art,F.Mask black gap,281,301,0.109522,48.658057,115.809,48.767579,115.809,0.13
17-kumiko-void-standard-L01-black-enig-art,F.Mask black gap,425,445,0.109522,76.658057,115.809,76.767579,115.809,0.13
17-kumiko-void-standard-L01-black-enig-art,F.Mask black gap,89,156,0.11807285,21.535146484699492,18.542755947297323,21.47611,18.64501,0.13
17-kumiko-void-standard-L01-black-enig-art,F.Mask black gap,253,300,0.11807285,49.535146484699496,18.542755947297323,49.47611,18.64501,0.13
17-kumiko-void-standard-L01-black-enig-art,F.Mask black gap,397,444,0.11807285,77.5351464846995,18.542755947297326,77.47611,18.64501,0.13
17-kumiko-void-standard-L01-black-enig-art,F.Mask black gap,482,509,0.11807285,91.5351464846995,42.79145594729733,91.47611,42.89371,0.13
17-kumiko-void-standard-L01-black-enig-art,F.Mask black gap,181,187,0.118072887,22.46485344025954,18.54275594800737,22.52389,18.64501,0.13
17-kumiko-void-standard-L01-black-enig-art,F.Mask black gap,325,331,0.118072887,50.46485344025954,18.54275594800737,50.52389,18.64501,0.13
17-kumiko-void-standard-L01-black-enig-art,F.Mask black gap,469,477,0.118072887,78.46485344025953,18.542755948007372,78.52389,18.64501,0.13
17-kumiko-void-standard-L01-black-enig-art,F.Mask black gap,83,96,0.118072893,8.464853426119607,42.79145594814118,8.52389,42.89371,0.13
17-kumiko-void-standard-L01-black-enig-art,F.Mask black gap,87,99,0.118075287,8.464843283212728,91.28886184459006,8.523881,91.391118,0.13
17-kumiko-void-standard-L01-black-enig-art,F.Mask black gap,254,301,0.118075289,49.53515672099388,115.5375618446302,49.476119,115.639818,0.13
17-kumiko-void-standard-L01-black-enig-art,F.Mask black gap,398,445,0.118075289,77.53515672099388,115.5375618446302,77.476119,115.639818,0.13
17-kumiko-void-standard-L01-black-enig-art,F.Mask black gap,183,188,0.118075315,22.464843226162237,115.5375618451347,22.523881,115.639818,0.13
17-kumiko-void-standard-L01-black-enig-art,F.Mask black gap,327,332,0.118075315,50.464843226162245,115.5375618451347,50.523881,115.639818,0.13
17-kumiko-void-standard-L01-black-enig-art,F.Mask black gap,471,478,0.118075315,78.46484322616224,115.5375618451347,78.523881,115.639818,0.13
17-kumiko-void-standard-L01-black-enig-art,F.Mask black gap,483,510,0.118075315,91.53515677395453,91.28886184513581,91.476119,91.391118,0.13
17-kumiko-void-standard-L01-black-enig-art,F.Mask black gap,121,157,0.118075375,21.535156896851895,115.53756184630926,21.476119,115.639818,0.13
17-kumiko-void-standard-L01-black-enig-art,F.Mask black gap,82,164,0.118082449,21.51516882391571,2.9252345710138083,21.57421,3.027497,0.13
17-kumiko-void-standard-L01-black-enig-art,F.Mask black gap,249,308,0.118082449,49.515168823915715,2.9252345710138092,49.57421,3.027497,0.13
17-kumiko-void-standard-L01-black-enig-art,F.Mask black gap,393,452,0.118082449,77.5151688239157,2.9252345710138123,77.57421,3.027497,0.13
17-kumiko-void-standard-L01-black-enig-art,F.Mask black gap,220,247,0.118094,35.98,123.363637,36.098094,123.363637,0.13
17-kumiko-void-standard-L01-black-enig-art,F.Mask black gap,364,391,0.118094,63.98,123.363637,64.098094,123.363637,0.13
17-kumiko-void-standard-L01-black-enig-art,F.Mask black gap,29,78,0.118106,7.98,74.866224,8.098106,74.866224,0.13
17-kumiko-void-standard-L01-black-enig-art,F.Mask black gap,151,178,0.118106,21.98,19.382476,22.098106,19.382476,0.13
17-kumiko-void-standard-L01-black-enig-art,F.Mask black gap,295,322,0.118106,49.98,19.382476,50.098106,19.382476,0.13
17-kumiko-void-standard-L01-black-enig-art,F.Mask black gap,439,466,0.118106,77.98,19.382476,78.098106,19.382476,0.13
17-kumiko-void-standard-L01-black-enig-art,F.Mask black gap,533,567,0.118106,91.98,74.866224,92.098106,74.866224,0.13
17-kumiko-void-standard-L01-black-enig-art,F.Mask black gap,23,79,0.118113,7.98,43.631184,8.098113,43.631184,0.13
17-kumiko-void-standard-L01-black-enig-art,F.Mask black gap,25,80,0.118113,7.98,92.128584,8.098113,92.128584,0.13
17-kumiko-void-standard-L01-black-enig-art,F.Mask black gap,219,248,0.118113,35.98,26.368816,36.098113,26.368816,0.13
17-kumiko-void-standard-L01-black-enig-art,F.Mask black gap,363,392,0.118113,63.98,26.368816,64.098113,26.368816,0.13
17-kumiko-void-standard-L01-black-enig-art,F.Mask black gap,532,568,0.118113,91.98,43.631184,92.098113,43.631184,0.13
17-kumiko-void-standard-L01-black-enig-art,F.Mask black gap,539,569,0.118113,91.98,92.128584,92.098113,92.128584,0.13
17-kumiko-void-standard-L01-black-enig-art,F.Mask black gap,479,541,0.118114871,91.51514043742199,27.173947594754914,91.574198,27.276238,0.13
17-kumiko-void-standard-L01-black-enig-art,F.Mask black gap,481,542,0.118115505,91.5151431204321,75.67134604571386,91.574201,75.773637,0.13
17-kumiko-void-standard-L04-black-enig-art,F.Mask black gap,18,23,0.003361547,35.3807,56.3428,35.379,56.3457,0.13
17-kumiko-void-standard-L04-black-enig-art,F.Mask black gap,31,34,0.003361547,49.3807,32.0941,49.379,32.097,0.13
17-kumiko-void-standard-L04-black-enig-art,F.Mask black gap,37,51,0.003361547,63.8941,55.8294,63.897,55.8277,0.13
17-kumiko-void-standard-L04-black-enig-art,F.Mask black gap,37,50,0.003361547,63.3807,56.3428,63.379,56.3457,0.13
17-kumiko-void-standard-L04-black-enig-art,F.Mask black gap,60,66,0.003361547,77.8941,80.0781,77.897,80.0764,0.13
17-kumiko-void-standard-L04-black-enig-art,F.Mask black gap,60,65,0.003361547,77.3807,80.5915,77.379,80.5944,0.13
17-kumiko-void-standard-L04-black-enig-art,F.Mask black gap,24,26,0.021658844,37.28714289271743,55.81857057489311,37.3059,55.8294,0.13
17-kumiko-void-standard-L04-black-enig-art,F.Mask black gap,39,45,0.021658844,51.28714289271743,80.06727057489312,51.3059,80.0781,0.13
17-kumiko-void-standard-L04-black-enig-art,F.Mask black gap,55,58,0.021659253,77.3807,33.5059,77.36987037904832,33.48714253362162,0.13
17-kumiko-void-standard-L04-black-enig-art,F.Mask black gap,78,85,0.021664264,79.81016792472813,80.57563816415785,79.821,80.5944,0.13
17-kumiko-void-standard-L04-black-enig-art,F.Mask black gap,5,9,0.021666246,21.87823647215966,31.589833107784717,21.897,31.579,0.13
17-kumiko-void-standard-L04-black-enig-art,F.Mask black gap,14,17,0.021666339,23.287136310834505,31.56986698531311,23.3059,31.5807,0.13
17-kumiko-void-standard-L04-black-enig-art,F.Mask black gap,73,76,0.021666339,79.28713631083451,31.569866985313116,79.3059,31.5807,0.13
17-kumiko-void-standard-L04-black-enig-art,F.Mask black gap,26,28,0.0216667,37.810166655605634,56.326936084425384,37.821,56.3457,0.13
17-kumiko-void-standard-L04-black-enig-art,F.Mask black gap,24,35,0.021667109,49.87823573525569,34.010166442529055,49.897,34.021,0.13
17-kumiko-void-standard-L04-black-enig-art,F.Mask black gap,39,52,0.021667109,63.87823573525569,58.258866442529055,63.897,58.2697,0.13
17-kumiko-void-standard-L04-black-enig-art,F.Mask black gap,17,20,0.021668131,23.81016590962139,32.07823486198032,23.821,32.097,0.13
17-kumiko-void-standard-L04-black-enig-art,F.Mask black gap,76,86,0.021668131,79.81016590962139,32.07823486198032,79.821,32.097,0.13
17-kumiko-void-standard-L04-black-enig-art,F.Mask black gap,30,36,0.021668626,49.87823443942871,82.50756565176246,49.897,82.5184,0.13
17-kumiko-void-standard-L04-black-enig-art,F.Mask black gap,62,67,0.021668626,77.87823443942871,82.50756565176245,77.897,82.5184,0.13
17-kumiko-void-standard-L04-black-enig-art,F.Mask black gap,0,6,0.0217,21.1911,32.78,21.1911,32.8017,0.13
17-kumiko-void-standard-L04-black-enig-art,F.Mask black gap,9,14,0.0217,22.58,31.3911,22.6017,31.3911,0.13
17-kumiko-void-standard-L04-black-enig-art,F.Mask black gap,35,37,0.0217,50.58,34.2089,50.6017,34.2089,0.13
17-kumiko-void-standard-L04-black-enig-art,F.Mask black gap,36,38,0.0217,50.58,82.7063,50.6017,82.7063,0.13
17-kumiko-void-standard-L04-black-enig-art,F.Mask black gap,41,43,0.0217,52.0089,32.8017,52.0089,32.78,0.13
17-kumiko-void-standard-L04-black-enig-art,F.Mask black gap,43,58,0.0217,77.1911,32.78,77.1911,32.8017,0.13
17-kumiko-void-standard-L04-black-enig-art,F.Mask black gap,51,55,0.0217,64.58,55.6398,64.6017,55.6398,0.13
17-kumiko-void-standard-L04-black-enig-art,F.Mask black gap,59,61,0.0217,66.0089,57.0504,66.0089,57.0287,0.13
17-kumiko-void-standard-L04-black-enig-art,F.Mask black gap,67,71,0.0217,78.58,82.7063,78.6017,82.7063,0.13
17-kumiko-void-standard-L04-black-enig-art,F.Mask black gap,46,47,0.034606,51.837605,80.5944,51.837605,80.559794,0.13
17-kumiko-void-standard-L04-black-enig-art,F.Mask black gap,2,10,0.034608,21.862392,34.037607,21.897,34.037607,0.13
17-kumiko-void-standard-L04-black-enig-art,F.Mask black gap,78,83,0.034615335,79.3203076209964,80.06978178579355,79.303,80.039804,0.13
17-kumiko-void-standard-L04-black-enig-art,F.Mask black gap,1,7,0.034621404,21.342397,33.503,21.3723800494944,33.52031064272974,0.13
17-kumiko-void-standard-L04-black-enig-art,F.Mask black gap,88,90,0.034641163,80.02327657797693,81.30740021926266,80.040597,81.2774,0.13
17-kumiko-void-standard-L04-black-enig-art,F.Mask black gap,12,15,0.034641288,22.58,34.240597,22.610000197159692,34.22327629043782,0.13
17-kumiko-void-standard-L04-black-enig-art,F.Mask black gap,53,56,0.034641288,64.58,58.489297,64.61000019715969,58.471976290437816,0.13
17-kumiko-void-standard-L04-black-enig-art,F.Mask black gap,68,70,0.034641288,78.58,79.856803,78.61000019715968,79.87412370956218,0.13
17-kumiko-void-standard-L04-black-enig-art,F.Mask black gap,74,78,0.039603218,79.249156,80.133066,79.28725807773826,80.1438663026293,0.13
17-kumiko-void-standard-L04-black-enig-art,F.Mask black gap,7,8,0.039610156,21.446477321984833,33.487254717095134,21.435675,33.449146,0.13
17-kumiko-void-standard-L04-black-enig-art,F.Mask black gap,40,46,0.039627262,51.74431,80.613658,51.77192342593439,80.64208014957624,0.13
17-kumiko-void-standard-L04-black-enig-art,F.Mask black gap,10,11,0.039628615,21.94468311988462,33.97192036863361,21.91626,33.944306,0.13
17-kumiko-void-standard-L04-black-enig-art,F.Mask black gap,13,15,0.039650267,22.58,34.132895,22.618443213682315,34.14260391300697,0.13
17-kumiko-void-standard-L04-black-enig-art,F.Mask black gap,54,56,0.039650267,64.58,58.381595,64.61844321368231,58.39130391300697,0.13
17-kumiko-void-standard-L04-black-enig-art,F.Mask black gap,69,70,0.039650267,78.58,79.964505,78.61844321368231,79.95479608699303,0.13
17-kumiko-void-standard-L04-black-enig-art,F.Mask black gap,82,88,0.039650267,79.932895,81.2774,79.94260391300698,81.31584321368231,0.13
17-kumiko-void-standard-L04-black-enig-art,F.Mask black gap,0,5,0.093330951,21.510748,32.225,21.557474,32.144208,0.13
17-kumiko-void-standard-L04-black-enig-art,F.Mask black gap,16,18,0.107686163,23.249157,33.964336,23.303,34.057595,0.13
17-kumiko-void-standard-L04-black-enig-art,F.Mask black gap,57,60,0.107686163,65.249157,58.213036,65.303,58.306295,0.13
17-kumiko-void-standard-L04-black-enig-art,F.Mask black gap,75,84,0.107687529,79.249156,82.461735,79.303,82.554995,0.13
17-kumiko-void-standard-L04-black-enig-art,F.Mask black gap,79,87,0.107687529,79.764335,81.946556,79.857595,82.0004,0.13
17-kumiko-void-standard-L04-black-enig-art,F.Mask black gap,74,83,0.107689261,79.249156,80.133066,79.303,80.039804,0.13
17-kumiko-void-standard-L04-black-enig-art,F.Mask black gap,4,22,0.107702,35.159403,57.0287,35.267105,57.0287,0.13
17-kumiko-void-standard-L04-black-enig-art,F.Mask black gap,12,13,0.107702,22.58,34.240597,22.58,34.132895,0.13
17-kumiko-void-standard-L04-black-enig-art,F.Mask black gap,19,21,0.107702,23.932895,32.78,24.040597,32.78,0.13
17-kumiko-void-standard-L04-black-enig-art,F.Mask black gap,21,33,0.107702,49.159403,32.78,49.267105,32.78,0.13
17-kumiko-void-standard-L04-black-enig-art,F.Mask black gap,27,29,0.107702,37.932895,57.0287,38.040597,57.0287,0.13
17-kumiko-void-standard-L04-black-enig-art,F.Mask black gap,29,49,0.107702,63.159403,57.0287,63.267105,57.0287,0.13
17-kumiko-void-standard-L04-black-enig-art,F.Mask black gap,44,48,0.107702,51.932895,81.2774,52.040597,81.2774,0.13
17-kumiko-void-standard-L04-black-enig-art,F.Mask black gap,48,64,0.107702,77.159403,81.2774,77.267105,81.2774,0.13
17-kumiko-void-standard-L04-black-enig-art,F.Mask black gap,53,54,0.107702,64.58,58.489297,64.58,58.381595,0.13
17-kumiko-void-standard-L04-black-enig-art,F.Mask black gap,68,69,0.107702,78.58,79.856803,78.58,79.964505,0.13
17-kumiko-void-standard-L04-black-enig-art,F.Mask black gap,81,89,0.107702,79.932895,32.78,80.040597,32.78,0.13
17-kumiko-void-standard-L04-black-enig-art,F.Mask black gap,82,90,0.107702,79.932895,81.2774,80.040597,81.2774,0.13
17-kumiko-void-standard-L04-black-enig-art,F.Mask black gap,1,8,0.107708118,21.342397,33.503,21.435675,33.449146,0.13
17-kumiko-void-standard-L04-black-enig-art,F.Mask black gap,40,47,0.10772784,51.74431,80.613658,51.837605,80.559794,0.13
17-kumiko-void-standard-L04-black-enig-art,F.Mask black gap,2,11,0.107735036,21.862392,34.037607,21.91626,33.944306,0.13
17-kumiko-void-standard-L07-black-enig-art,F.Mask black gap,18,23,0.003361547,33.9807,60.3428,33.979,60.3457,0.13
17-kumiko-void-standard-L07-black-enig-art,F.Mask black gap,27,31,0.003361547,48.4941,35.5807,48.497,35.579,0.13
17-kumiko-void-standard-L07-black-enig-art,F.Mask black gap,27,30,0.003361547,47.9807,36.0941,47.979,36.097,0.13
17-kumiko-void-standard-L07-black-enig-art,F.Mask black gap,45,48,0.003361547,75.9807,36.0941,75.979,36.097,0.13
17-kumiko-void-standard-L07-black-enig-art,F.Mask black gap,53,56,0.021659754,77.8871420932394,84.06727013887186,77.9059,84.0781,0.13
17-kumiko-void-standard-L07-black-enig-art,F.Mask black gap,14,17,0.02166327,21.887139005751834,35.56986845503038,21.9059,35.5807,0.13
17-kumiko-void-standard-L07-black-enig-art,F.Mask black gap,51,55,0.02166327,77.88713900575183,35.569868455030374,77.9059,35.5807,0.13
17-kumiko-void-standard-L07-black-enig-art,F.Mask black gap,5,9,0.021666474,20.47823627708875,35.589833226824055,20.497,35.579,0.13
17-kumiko-void-standard-L07-black-enig-art,F.Mask black gap,17,20,0.0216667,22.41016665560564,36.078236084425384,22.421,36.097,0.13
17-kumiko-void-standard-L07-black-enig-art,F.Mask black gap,55,61,0.0216667,78.41016665560564,36.07823608442538,78.421,36.097,0.13
17-kumiko-void-standard-L07-black-enig-art,F.Mask black gap,56,62,0.0216667,78.41016665560565,84.57563608442538,78.421,84.5944,0.13
17-kumiko-void-standard-L07-black-enig-art,F.Mask black gap,28,32,0.021669095,48.478234039481464,86.50756540769707,48.497,86.5184,0.13
17-kumiko-void-standard-L07-black-enig-art,F.Mask black gap,46,49,0.021669095,76.47823403948146,86.50756540769707,76.497,86.5184,0.13
17-kumiko-void-standard-L07-black-enig-art,F.Mask black gap,53,67,0.021693752,90.47821265016813,62.258853139940314,90.497,62.2697,0.13
17-kumiko-void-standard-L07-black-enig-art,F.Mask black gap,0,6,0.0217,19.7911,36.78,19.7911,36.8017,0.13
17-kumiko-void-standard-L07-black-enig-art,F.Mask black gap,9,14,0.0217,21.18,35.3911,21.2017,35.3911,0.13
17-kumiko-void-standard-L07-black-enig-art,F.Mask black gap,31,33,0.0217,49.18,35.3911,49.2017,35.3911,0.13
17-kumiko-void-standard-L07-black-enig-art,F.Mask black gap,32,34,0.0217,49.18,86.7063,49.2017,86.7063,0.13
17-kumiko-void-standard-L07-black-enig-art,F.Mask black gap,49,50,0.0217,77.18,86.7063,77.2017,86.7063,0.13
17-kumiko-void-standard-L07-black-enig-art,F.Mask black gap,41,42,0.034606,50.437605,36.097,50.437605,36.062394,0.13
17-kumiko-void-standard-L07-black-enig-art,F.Mask black gap,2,10,0.034609,20.462391,38.037607,20.497,38.037607,0.13
17-kumiko-void-standard-L07-black-enig-art,F.Mask black gap,1,7,0.034611878,19.942408,37.503,19.972382799475582,37.520305879600876,0.13
17-kumiko-void-standard-L07-black-enig-art,F.Mask black gap,39,40,0.034622194,49.92031117453587,35.572379654829376,49.903,35.542396,0.13
17-kumiko-void-standard-L07-black-enig-art,F.Mask black gap,12,15,0.034641288,21.18,38.240597,21.21000019715969,38.22327629043782,0.13
17-kumiko-void-standard-L07-black-enig-art,F.Mask black gap,64,66,0.034641288,78.62327629043781,85.30740019715968,78.640597,85.2774,0.13
17-kumiko-void-standard-L07-black-enig-art,F.Mask black gap,7,8,0.039600299,20.046459364316284,37.487260309751015,20.03566,37.449161,0.13
17-kumiko-void-standard-L07-black-enig-art,F.Mask black gap,35,39,0.039610733,49.849145,35.635677,49.88725429712215,35.64647939008202,0.13
17-kumiko-void-standard-L07-black-enig-art,F.Mask black gap,36,41,0.039627262,50.34431,36.116258,50.37192342593439,36.14468014957625,0.13
17-kumiko-void-standard-L07-black-enig-art,F.Mask black gap,10,11,0.039631045,20.54468472600318,37.971919203830346,20.51626,37.944303,0.13
17-kumiko-void-standard-L07-black-enig-art,F.Mask black gap,13,15,0.039650267,21.18,38.132895,21.218443213682313,38.142603913006965,0.13
17-kumiko-void-standard-L07-black-enig-art,F.Mask black gap,59,64,0.039650267,78.532895,85.2774,78.54260391300697,85.31584321368231,0.13
17-kumiko-void-standard-L07-black-enig-art,F.Mask black gap,0,5,0.09333045,20.110748,36.225,20.157473,36.144208,0.13
17-kumiko-void-standard-L07-black-enig-art,F.Mask black gap,1,8,0.107678101,19.942408,37.503,20.03566,37.449161,0.13
17-kumiko-void-standard-L07-black-enig-art,F.Mask black gap,16,18,0.107686163,21.849157,37.964336,21.903,38.057595,0.13
17-kumiko-void-standard-L07-black-enig-art,F.Mask black gap,54,60,0.107687529,77.849156,86.461735,77.903,86.554995,0.13
17-kumiko-void-standard-L07-black-enig-art,F.Mask black gap,57,63,0.107688395,78.364335,85.946556,78.457596,86.0004,0.13
17-kumiko-void-standard-L07-black-enig-art,F.Mask black gap,4,22,0.107702,33.759403,61.0287,33.867105,61.0287,0.13
17-kumiko-void-standard-L07-black-enig-art,F.Mask black gap,12,13,0.107702,21.18,38.240597,21.18,38.132895,0.13
17-kumiko-void-standard-L07-black-enig-art,F.Mask black gap,19,21,0.107702,22.532895,36.78,22.640597,36.78,0.13
17-kumiko-void-standard-L07-black-enig-art,F.Mask black gap,21,29,0.107702,47.759403,36.78,47.867105,36.78,0.13
17-kumiko-void-standard-L07-black-enig-art,F.Mask black gap,37,43,0.107702,50.532895,36.78,50.640597,36.78,0.13
17-kumiko-void-standard-L07-black-enig-art,F.Mask black gap,43,47,0.107702,75.759403,36.78,75.867105,36.78,0.13
17-kumiko-void-standard-L07-black-enig-art,F.Mask black gap,58,65,0.107702,78.532895,36.78,78.640597,36.78,0.13
17-kumiko-void-standard-L07-black-enig-art,F.Mask black gap,59,66,0.107702,78.532895,85.2774,78.640597,85.2774,0.13
17-kumiko-void-standard-L07-black-enig-art,F.Mask black gap,35,40,0.107711216,49.849145,35.635677,49.903,35.542396,0.13
17-kumiko-void-standard-L07-black-enig-art,F.Mask black gap,36,42,0.10772784,50.34431,36.116258,50.437605,36.062394,0.13
17-kumiko-void-standard-L07-black-enig-art,F.Mask black gap,2,11,0.107738134,20.462391,38.037607,20.51626,37.944303,0.13
01-spider-nest-L01-black-enig-art,F.Cu island gap,0,15,0.00990744,61.25757686356518,91.05473278873067,61.264288,91.062021,0.1
01-spider-nest-L01-black-enig-art,F.Cu island gap,0,8,0.009915952,17.2001784210146,39.5404517650852,17.202305,39.550137,0.1
01-spider-nest-L01-black-enig-art,F.Cu island gap,0,13,0.009923634,56.27043491563044,98.50349406304252,56.261962,98.498328,0.1
01-spider-nest-L01-black-enig-art,F.Cu island gap,0,11,0.009938927,55.64547002592368,37.03840888717457,55.646631,37.028538,0.1
01-spider-nest-L01-black-enig-art,F.Cu island gap,0,16,0.009939879,76.511821,48.638174,76.50752550841815,48.647137813252606,0.1
01-spider-nest-L01-black-enig-art,F.Cu island gap,0,20,0.00994239,82.32045880255234,51.54373851838703,82.329909,51.546828,0.1
01-spider-nest-L01-black-enig-art,F.Cu island gap,0,9,0.009952704,37.99490342242636,102.52626339386745,38.002931,102.52038,0.1
01-spider-nest-L01-black-enig-art,F.Cu island gap,0,1,0.009958869,14.230890867570245,48.07890165087115,14.221198,48.081188,0.1
01-spider-nest-L01-black-enig-art,F.Cu island gap,0,19,0.009959409,73.88359980116815,44.069759934259714,73.891852,44.064184,0.1
01-spider-nest-L01-black-enig-art,F.Cu island gap,0,6,0.00996915,36.30353671230331,32.1698795979425,36.298746,32.161137,0.1
01-spider-nest-L01-black-enig-art,F.Cu island gap,0,7,0.009974167,18.06862565474209,73.80695782213328,18.078593,73.806589,0.1
01-spider-nest-L01-black-enig-art,F.Cu island gap,0,12,0.009996519,37.48099368932812,32.68011370590295,37.477268,32.68939,0.1
01-spider-nest-L01-black-enig-art,F.Cu island gap,0,17,0.010015295,81.8556104934702,51.74273613533554,81.846091,51.739624,0.1
01-spider-nest-L01-black-enig-art,F.Cu island gap,0,14,0.019970905,56.32499606681849,37.3649871841538,56.339849,37.351637,0.1
01-spider-nest-L01-black-enig-art,F.Cu island gap,0,10,0.020016815,56.13270407765463,37.71950312577291,56.117817,37.732884,0.1
01-spider-nest-L01-black-enig-art,F.Cu island gap,0,3,0.023073529,30.13122437232731,78.10069220265557,30.109236,78.107685,0.1
01-spider-nest-L01-black-enig-art,F.Cu island gap,0,2,0.055107913,33.80750705305735,57.10129256112596,33.756211,57.121432,0.1
01-spider-nest-L01-black-enig-art,F.Cu island gap,0,18,0.064870881,64.3710279939765,73.92805945097665,64.412624,73.977839,0.1
01-spider-nest-L01-black-enig-art,F.Mask black gap,0,15,0.109907874,61.22887322868255,91.01319445469693,61.303323,91.094046,0.13
01-spider-nest-L01-black-enig-art,F.Mask black gap,0,8,0.109915547,17.297074466053626,39.46798589291587,17.320647,39.575344,0.13
01-spider-nest-L01-black-enig-art,F.Mask black gap,0,13,0.109924814,56.37536010066023,98.42745086235821,56.281505,98.370226,0.13
01-spider-nest-L01-black-enig-art,F.Mask black gap,0,16,0.109939615,76.545657,48.598944,76.4981469000209,48.69808788195173,0.13
01-spider-nest-L01-black-enig-art,F.Mask black gap,0,11,0.109939969,55.590122819221584,37.08224434013072,55.602965,36.973057,0.13
01-spider-nest-L01-black-enig-art,F.Mask black gap,0,20,0.109942945,82.25812472453512,51.57349951823075,82.362625,51.607663,0.13
01-spider-nest-L01-black-enig-art,F.Mask black gap,0,9,0.109955349,37.87842203454554,102.45191546800531,37.967109,102.386917,0.13
01-spider-nest-L01-black-enig-art,F.Mask black gap,0,1,0.109959179,14.292033168399051,48.12032266176458,14.185011,48.145567,0.13
01-spider-nest-L01-black-enig-art,F.Mask black gap,0,19,0.109960216,73.86575581686019,44.13265798768663,73.956867,44.071095,0.13
01-spider-nest-L01-black-enig-art,F.Mask black gap,0,6,0.109968043,36.294671565987514,32.23175114946833,36.241826,32.135313,0.13
01-spider-nest-L01-black-enig-art,F.Mask black gap,0,7,0.109974515,18.01632069720419,73.74559660486284,18.12622,73.74153,0.13
01-spider-nest-L01-black-enig-art,F.Mask black gap,0,12,0.109997159,37.63527379688117,32.68819587052869,37.594278,32.790268,0.13
01-spider-nest-L01-black-enig-art,F.Mask black gap,0,17,0.110015734,81.86294446419875,51.881209093347145,81.758375,51.847023,0.13
01-spider-nest-L01-black-enig-art,F.Mask black gap,0,14,0.119971556,56.302982719940864,37.41529278575975,56.392209,37.335094,0.13
01-spider-nest-L01-black-enig-art,F.Mask black gap,0,10,0.120016826,56.2136969494948,37.734815953256145,56.124437,37.815045,0.13
01-spider-nest-L01-black-enig-art,F.Mask black gap,0,3,0.123074423,30.179104191477176,78.08626536186479,30.061818,78.123565,0.13
03-coral-vault-L01-black-enig-art,F.Cu island gap,97,106,0.000828743,58.464784792198124,98.81019046202708,58.46544,98.809683,0.1
03-coral-vault-L01-black-enig-art,F.Cu island gap,0,1,0.004317653,1.9296993070247956,53.02119613385863,1.932392,53.017821,0.1
03-coral-vault-L01-black-enig-art,F.Cu island gap,101,114,0.011423854,62.42289145775347,20.151994904590868,62.429754,20.142862,0.1
03-coral-vault-L01-black-enig-art,F.Cu island gap,125,126,0.0267591,69.8772964244485,108.5020322977154,69.861257,108.480613,0.1
03-coral-vault-L01-black-enig-art,F.Cu island gap,77,80,0.036985824,44.668556,49.398503,44.694234753669285,49.37188434445897,0.1
03-coral-vault-L01-black-enig-art,F.Cu island gap,42,45,0.038440656,22.980098,44.663874,23.012429,44.684668,0.1
03-coral-vault-L01-black-enig-art,F.Cu island gap,34,38,0.040785579,19.667367004516606,81.73925252341388,19.695588,81.709807,0.1
03-coral-vault-L01-black-enig-art,F.Cu island gap,6,23,0.064348462,10.12188823580391,108.13735400801511,10.144929,108.077272,0.1
03-coral-vault-L01-black-enig-art,F.Cu island gap,47,53,0.06655881,28.39642259897741,75.57271405100819,28.364489,75.631112,0.1
03-coral-vault-L01-black-enig-art,F.Cu island gap,0,20,0.068359701,15.651446646907452,124.33080288507533,15.707331,124.291433,0.1
03-coral-vault-L01-black-enig-art,F.Cu island gap,0,15,0.069711445,6.393764642310752,6.507537397509487,6.430305,6.44817,0.1
03-coral-vault-L01-black-enig-art,F.Cu island gap,0,155,0.069890056,85.92360202895355,4.516739249617549,85.872986,4.564933,0.1
03-coral-vault-L01-black-enig-art,F.Cu island gap,0,150,0.069992,90.673158,123.3,90.673158,123.230008,0.1
03-coral-vault-L01-black-enig-art,F.Cu island gap,0,22,0.070004,9.859039,5.22,9.859039,5.290004,0.1
03-coral-vault-L01-black-enig-art,F.Cu island gap,0,26,0.070017,13.597787,5.22,13.597787,5.290017,0.1
03-coral-vault-L01-black-enig-art,F.Cu island gap,0,163,0.07123408,87.43319600474477,123.30788543679706,87.429704,123.236737,0.1
03-coral-vault-L01-black-enig-art,F.Cu island gap,0,12,0.071487538,5.88769093191953,123.40880117733847,5.863581,123.341502,0.1
03-coral-vault-L01-black-enig-art,F.Cu island gap,104,115,0.074892656,64.55343751513587,108.77659075098097,64.596448,108.71528,0.1
03-coral-vault-L01-black-enig-art,F.Cu island gap,58,61,0.075931382,33.22727003453254,62.34616301646681,33.246671,62.272752,0.1
03-coral-vault-L01-black-enig-art,F.Cu island gap,76,79,0.083481236,44.727821175925456,80.67429734837994,44.694311,80.597837,0.1
03-coral-vault-L01-black-enig-art,F.Cu island gap,149,153,0.095383058,82.09366919429792,76.2053318048088,82.055032,76.292539,0.1
03-coral-vault-L01-black-enig-art,F.Mask black gap,21,35,0.013383651,12.594044,36.992439,12.584478625144275,36.983078138351324,0.13
03-coral-vault-L01-black-enig-art,F.Mask black gap,0,195,0.031772519,99.24408982811441,91.45294012316575,99.212663,91.448266,0.13
03-coral-vault-L01-black-enig-art,F.Mask black gap,161,163,0.036182459,77.836684,21.022498,77.8717739659711,21.03132209438394,0.13
03-coral-vault-L01-black-enig-art,F.Mask black gap,173,176,0.045969252,85.645118,4.579406,85.681746,4.607183,0.13
03-coral-vault-L01-black-enig-art,F.Mask black gap,0,1,0.052502,0.71,102.835519,0.762502,102.835519,0.13
03-coral-vault-L01-black-enig-art,F.Mask black gap,98,99,0.057822887,48.16821549585172,45.2020309436054,48.222002,45.180806,0.13
03-coral-vault-L01-black-enig-art,F.Mask black gap,135,141,0.058367778,68.4597160654223,81.9125640205983,68.506595,81.877791,0.13
03-coral-vault-L01-black-enig-art,F.Mask black gap,42,44,0.058774184,18.014830946837726,80.4666549153447,18.068569,80.442851,0.13
03-coral-vault-L01-black-enig-art,F.Mask black gap,0,22,0.058910183,8.21685965314345,81.0744352803709,8.268284,81.045696,0.13
03-coral-vault-L01-black-enig-art,F.Mask black gap,0,4,0.06296705,2.2871245697260583,127.23896333205367,2.341726,127.207602,0.13
03-coral-vault-L01-black-enig-art,F.Mask black gap,0,196,0.066191252,99.56209974019227,20.502945671143276,99.503538,20.533797,0.13
03-coral-vault-L01-black-enig-art,F.Mask black gap,139,143,0.066737061,69.54688,39.196166,69.48765240349363,39.22692192821319,0.13
03-coral-vault-L01-black-enig-art,F.Mask black gap,0,6,0.067006588,3.3011950833040142,19.260447971421716,3.358271,19.295551,0.13
03-coral-vault-L01-black-enig-art,F.Mask black gap,11,23,0.069630518,9.155954,108.191771,9.107027840765273,108.2413153232184,0.13
03-coral-vault-L01-black-enig-art,F.Mask black gap,67,69,0.071234606,32.32731485875725,63.11366159408166,32.266062,63.077296,0.13
03-coral-vault-L01-black-enig-art,F.Mask black gap,0,3,0.072504252,2.121343642997407,109.00081589516115,2.183928,108.964209,0.13
03-coral-vault-L01-black-enig-art,F.Mask black gap,56,75,0.07517914,33.267715356937785,74.56403564556746,33.327153,74.610069,0.13
03-coral-vault-L01-black-enig-art,F.Mask black gap,56,76,0.075883301,33.378291022102935,72.11637789476158,33.440404,72.072786,0.13
03-coral-vault-L01-black-enig-art,F.Mask black gap,117,120,0.076519699,58.845884,38.862564,58.91329346258759,38.82635310845964,0.13
03-coral-vault-L01-black-enig-art,F.Mask black gap,0,5,0.094028951,2.669258,2.29592,2.740354,2.357457,0.13
03-coral-vault-L01-black-enig-art,F.Mask black gap,100,101,0.099345367,49.07591083341452,84.77792864685826,49.156209,84.836424,0.13
03-coral-vault-L01-black-enig-art,F.Mask black gap,111,121,0.100829402,58.42451800648844,98.83985581850406,58.504234,98.778115,0.13
03-coral-vault-L01-black-enig-art,F.Mask black gap,0,2,0.104330306,1.8988687277224512,53.06056164431483,1.963934,52.979006,0.13
03-coral-vault-L01-black-enig-art,F.Mask black gap,115,129,0.111565636,62.382515,20.184198,62.453478,20.09811,0.13
03-coral-vault-L01-black-enig-art,F.Mask black gap,140,142,0.126770637,69.90675133152463,108.54244050355392,69.830765,108.440967,0.13
17-kumiko-void-wide-L01-black-enig-art,F.Cu island gap,0,43,0.009865821,99.1,105.854933,99.091456,105.85,0.1
17-kumiko-void-wide-L01-black-enig-art,F.Cu island gap,6,8,0.03033513,12.6967,17.679074,12.722970940311232,17.69424165696815,0.1
17-kumiko-void-wide-L01-black-enig-art,F.Cu island gap,16,18,0.03033513,40.6967,17.679074,40.72297094031123,17.694241656968146,0.1
17-kumiko-void-wide-L01-black-enig-art,F.Cu island gap,26,28,0.03033513,68.6967,17.679074,68.72297094031123,17.694241656968146,0.1
17-kumiko-void-wide-L01-black-enig-art,F.Cu island gap,0,41,0.030361618,96.72299388165594,17.694202896059537,96.6967,17.679022,0.1
17-kumiko-void-wide-L01-black-enig-art,F.Cu island gap,0,13,0.030368855,25.707553150042294,11.370084514127424,25.681253,11.3549,0.1
17-kumiko-void-wide-L01-black-enig-art,F.Cu island gap,0,33,0.030368855,81.70755315004229,11.370084514127424,81.681253,11.3549,0.1
17-kumiko-void-wide-L01-black-enig-art,F.Cu island gap,0,23,0.030368855,53.707553150042294,11.370084514127427,53.681253,11.3549,0.1
17-kumiko-void-wide-L01-black-enig-art,F.Cu island gap,0,42,0.030376911,96.72300712684549,114.68908054117638,96.6967,114.673892,0.1
17-kumiko-void-wide-L01-black-enig-art,F.Cu island gap,0,7,0.030399556,12.72302683613593,114.68904269396221,12.6967,114.673843,0.1
17-kumiko-void-wide-L01-black-enig-art,F.Cu island gap,0,17,0.030399556,40.72302683613593,114.68904269396221,40.6967,114.673843,0.1
17-kumiko-void-wide-L01-black-enig-art,F.Cu island gap,0,27,0.030399556,68.72302683613593,114.68904269396221,68.6967,114.673843,0.1
17-kumiko-void-wide-L01-black-enig-art,F.Cu island gap,0,14,0.030408,27.682148,123.3907,27.682148,123.360292,0.1
17-kumiko-void-wide-L01-black-enig-art,F.Cu island gap,0,24,0.030408,55.682148,123.3907,55.682148,123.360292,0.1
17-kumiko-void-wide-L01-black-enig-art,F.Cu island gap,34,35,0.030408,83.682148,123.3907,83.682148,123.360292,0.1
17-kumiko-void-wide-L01-black-enig-art,F.Cu island gap,0,44,0.030442341,100.37428768074447,59.86752144681471,100.347924,59.8523,0.1
17-kumiko-void-wide-L01-black-enig-art,F.Cu island gap,0,45,0.030444198,100.37428939857797,108.3649221870779,100.347924,108.3497,0.1
17-kumiko-void-wide-L01-black-enig-art,F.Cu island gap,0,1,0.030496055,3.3897104053569076,116.96902805372355,3.3633,116.984276,0.1
17-kumiko-void-wide-L01-black-enig-art,F.Cu island gap,0,15,0.030504799,31.389718052468496,116.9690438113721,31.3633,116.984296,0.1
17-kumiko-void-wide-L01-black-enig-art,F.Cu island gap,0,25,0.030504799,59.3897180524685,116.9690438113721,59.3633,116.984296,0.1
17-kumiko-void-wide-L01-black-enig-art,F.Cu island gap,0,36,0.030506806,87.38971966849664,116.96904259554499,87.3633,116.984296,0.1
17-kumiko-void-wide-L01-black-enig-art,F.Cu island gap,0,9,0.030559146,17.38976511816193,122.7718743628481,17.3633,122.756595,0.1
17-kumiko-void-wide-L01-black-enig-art,F.Cu island gap,0,19,0.030559146,45.38976511816193,122.7718743628481,45.3633,122.756595,0.1
17-kumiko-void-wide-L01-black-enig-art,F.Cu island gap,0,29,0.030559146,73.38976511816193,122.7718743628481,73.3633,122.756595,0.1
17-kumiko-void-wide-L01-black-enig-art,F.Cu island gap,0,34,0.05,85.25,125.409204,85.2,125.409204,0.1
17-kumiko-void-wide-L01-black-enig-art,F.Mask black gap,0,3,0.00219545,2.8602,1.8511,2.8621,1.85,0.13
17-kumiko-void-wide-L01-black-enig-art,F.Mask black gap,0,227,0.00219545,58.8602,1.8511,58.8621,1.85,0.13
17-kumiko-void-wide-L01-black-enig-art,F.Mask black gap,0,117,0.00219545,30.8602,1.8511,30.8621,1.85,0.13
17-kumiko-void-wide-L01-black-enig-art,F.Mask black gap,45,73,0.00219545,21.1827,115.3559,21.1816,115.3578,0.13
17-kumiko-void-wide-L01-black-enig-art,F.Mask black gap,114,120,0.00219545,35.1816,123.4407,35.1827,123.4388,0.13
17-kumiko-void-wide-L01-black-enig-art,F.Mask black gap,152,184,0.00219545,49.1827,115.3559,49.1816,115.3578,0.13
17-kumiko-void-wide-L01-black-enig-art,F.Mask black gap,224,230,0.00219545,63.1816,123.4407,63.1827,123.4388,0.13
17-kumiko-void-wide-L01-black-enig-art,F.Mask black gap,262,294,0.00219545,77.1827,115.3559,77.1816,115.3578,0.13
17-kumiko-void-wide-L01-black-enig-art,F.Mask black gap,0,64,0.002247221,16.8602,123.0947,16.8621,123.0935,0.13
17-kumiko-void-wide-L01-black-enig-art,F.Mask black gap,0,174,0.002247221,44.8602,123.0947,44.8621,123.0935,0.13
17-kumiko-void-wide-L01-black-enig-art,F.Mask black gap,0,284,0.002247221,72.8602,123.0947,72.8621,123.0935,0.13
17-kumiko-void-wide-L01-black-enig-art,F.Mask black gap,0,23,0.002282542,7.5268,9.934,7.5288,9.9329,0.13
17-kumiko-void-wide-L01-black-enig-art,F.Mask black gap,0,61,0.002282542,21.1827,2.1952,21.1816,2.1972,0.13
17-kumiko-void-wide-L01-black-enig-art,F.Mask black gap,0,17,0.002282542,7.1827,10.2781,7.1816,10.2801,0.13
17-kumiko-void-wide-L01-black-enig-art,F.Mask black gap,0,280,0.002282542,77.1827,2.1952,77.1816,2.1972,0.13
17-kumiko-void-wide-L01-black-enig-art,F.Mask black gap,0,243,0.002282542,63.5268,9.934,63.5288,9.9329,0.13
17-kumiko-void-wide-L01-black-enig-art,F.Mask black gap,0,236,0.002282542,63.1827,10.2781,63.1816,10.2801,0.13
17-kumiko-void-wide-L01-black-enig-art,F.Mask black gap,0,170,0.002282542,49.1827,2.1952,49.1816,2.1972,0.13
17-kumiko-void-wide-L01-black-enig-art,F.Mask black gap,0,133,0.002282542,35.5268,9.934,35.5288,9.9329,0.13
17-kumiko-void-wide-L01-black-enig-art,F.Mask black gap,0,126,0.002282542,35.1827,10.2781,35.1816,10.2801,0.13
17-kumiko-void-wide-L01-black-enig-art,F.Mask black gap,29,51,0.002282542,12.1935,18.0169,12.1955,18.0158,0.13
17-kumiko-void-wide-L01-black-enig-art,F.Mask black gap,34,82,0.002282542,21.5268,18.0169,21.5288,18.0158,0.13
17-kumiko-void-wide-L01-black-enig-art,F.Mask black gap,34,74,0.002282542,21.1827,18.361,21.1816,18.363,0.13
17-kumiko-void-wide-L01-black-enig-art,F.Mask black gap,138,160,0.002282542,40.1935,18.0169,40.1955,18.0158,0.13
17-kumiko-void-wide-L01-black-enig-art,F.Mask black gap,145,192,0.002282542,49.5268,18.0169,49.5288,18.0158,0.13
17-kumiko-void-wide-L01-black-enig-art,F.Mask black gap,145,183,0.002282542,49.1827,18.361,49.1816,18.363,0.13
17-kumiko-void-wide-L01-black-enig-art,F.Mask black gap,248,270,0.002282542,68.1935,18.0169,68.1955,18.0158,0.13
17-kumiko-void-wide-L01-black-enig-art,F.Mask black gap,255,302,0.002282542,77.5268,18.0169,77.5288,18.0158,0.13
17-kumiko-void-wide-L01-black-enig-art,F.Mask black gap,255,293,0.002282542,77.1827,18.361,77.1816,18.363,0.13
17-kumiko-void-wide-L01-black-enig-art,F.Mask black gap,318,352,0.002282542,91.5268,9.934,91.5288,9.9329,0.13
17-kumiko-void-wide-L01-black-enig-art,F.Mask black gap,318,346,0.002282542,91.1827,10.2781,91.1816,10.2801,0.13
17-kumiko-void-wide-L01-black-enig-art,F.Mask black gap,360,368,0.002282542,96.1935,18.0169,96.1955,18.0158,0.13
17-kumiko-void-wide-L01-black-enig-art,F.Mask black gap,0,370,0.002332381,96.1935,115.0118,96.1955,115.0106,0.13
17-kumiko-void-wide-L01-black-enig-art,F.Mask black gap,0,53,0.002332381,12.1935,115.0118,12.1955,115.0106,0.13
17-kumiko-void-wide-L01-black-enig-art,F.Mask black gap,0,162,0.002332381,40.1935,115.0118,40.1955,115.0106,0.13
17-kumiko-void-wide-L01-black-enig-art,F.Mask black gap,0,272,0.002332381,68.1935,115.0118,68.1955,115.0106,0.13
17-kumiko-void-wide-L01-black-enig-art,F.Mask black gap,6,12,0.002332381,7.5268,123.0947,7.5288,123.0935,0.13
17-kumiko-void-wide-L01-black-enig-art,F.Mask black gap,45,83,0.002332381,21.5268,115.0118,21.5288,115.0106,0.13
17-kumiko-void-wide-L01-black-enig-art,F.Mask black gap,120,123,0.002332381,35.5268,123.0947,35.5288,123.0935,0.13
17-kumiko-void-wide-L01-black-enig-art,F.Mask black gap,152,193,0.002332381,49.5268,115.0118,49.5288,115.0106,0.13
17-kumiko-void-wide-L01-black-enig-art,F.Mask black gap,230,233,0.002332381,63.5268,123.0947,63.5288,123.0935,0.13
17-kumiko-void-wide-L01-black-enig-art,F.Mask black gap,262,303,0.002332381,77.5268,115.0118,77.5288,115.0106,0.13
17-kumiko-void-wide-L01-black-enig-art,F.Mask black gap,340,343,0.002332381,91.5268,123.0947,91.5288,123.0935,0.13
17-kumiko-void-wide-L01-black-enig-art,F.Mask black gap,0,19,0.003138471,7.3437,9.6177,7.3464,9.6161,0.13
17-kumiko-void-wide-L01-black-enig-art,F.Mask black gap,0,35,0.003138471,34.8664,10.095,34.8648,10.0977,0.13
17-kumiko-void-wide-L01-black-enig-art,F.Mask black gap,0,29,0.003138471,20.8648,34.3464,20.8664,34.3437,0.13
17-kumiko-void-wide-L01-black-enig-art,F.Mask black gap,0,20,0.003138471,7.3437,58.1151,7.3464,58.1135,0.13
17-kumiko-void-wide-L01-black-enig-art,F.Mask black gap,0,31,0.003138471,20.8648,82.8438,20.8664,82.8411,0.13
17-kumiko-void-wide-L01-black-enig-art,F.Mask black gap,0,146,0.003138471,62.8664,10.095,62.8648,10.0977,0.13
17-kumiko-void-wide-L01-black-enig-art,F.Mask black gap,29,76,0.003138471,21.3437,33.8664,21.3464,33.8648,0.13
17-kumiko-void-wide-L01-black-enig-art,F.Mask black gap,31,78,0.003138471,21.3437,82.3638,21.3464,82.3622,0.13
17-kumiko-void-wide-L01-black-enig-art,F.Mask black gap,42,89,0.003138471,34.8648,58.5951,34.8664,58.5924,0.13
17-kumiko-void-wide-L01-black-enig-art,F.Mask black gap,46,91,0.003138471,34.8648,107.0925,34.8664,107.0898,0.13
17-kumiko-void-wide-L01-black-enig-art,F.Mask black gap,89,129,0.003138471,35.3437,58.1151,35.3464,58.1135,0.13
17-kumiko-void-wide-L01-black-enig-art,F.Mask black gap,91,131,0.003138471,35.3437,106.6125,35.3464,106.6109,0.13
17-kumiko-void-wide-L01-black-enig-art,F.Mask black gap,107,138,0.003138471,48.8648,34.3464,48.8664,34.3437,0.13
17-kumiko-void-wide-L01-black-enig-art,F.Mask black gap,108,140,0.003138471,48.8648,82.8438,48.8664,82.8411,0.13
17-kumiko-void-wide-L01-black-enig-art,F.Mask black gap,138,186,0.003138471,49.3437,33.8664,49.3464,33.8648,0.13
17-kumiko-void-wide-L01-black-enig-art,F.Mask black gap,140,188,0.003138471,49.3437,82.3638,49.3464,82.3622,0.13
17-kumiko-void-wide-L01-black-enig-art,F.Mask black gap,154,199,0.003138471,62.8648,58.5951,62.8664,58.5924,0.13
17-kumiko-void-wide-L01-black-enig-art,F.Mask black gap,155,201,0.003138471,62.8648,107.0925,62.8664,107.0898,0.13
17-kumiko-void-wide-L01-black-enig-art,F.Mask black gap,199,239,0.003138471,63.3437,58.1151,63.3464,58.1135,0.13
17-kumiko-void-wide-L01-black-enig-art,F.Mask black gap,201,241,0.003138471,63.3437,106.6125,63.3464,106.6109,0.13
17-kumiko-void-wide-L01-black-enig-art,F.Mask black gap,217,248,0.003138471,76.8648,34.3464,76.8664,34.3437,0.13
17-kumiko-void-wide-L01-black-enig-art,F.Mask black gap,218,250,0.003138471,76.8648,82.8438,76.8664,82.8411,0.13
17-kumiko-void-wide-L01-black-enig-art,F.Mask black gap,248,296,0.003138471,77.3437,33.8664,77.3464,33.8648,0.13
17-kumiko-void-wide-L01-black-enig-art,F.Mask black gap,250,298,0.003138471,77.3437,82.3638,77.3464,82.3622,0.13
17-kumiko-void-wide-L01-black-enig-art,F.Mask black gap,256,318,0.003138471,90.8648,10.0977,90.8664,10.095,0.13
17-kumiko-void-wide-L01-black-enig-art,F.Mask black gap,264,309,0.003138471,90.8648,58.5951,90.8664,58.5924,0.13
17-kumiko-void-wide-L01-black-enig-art,F.Mask black gap,265,311,0.003138471,90.8648,107.0925,90.8664,107.0898,0.13
17-kumiko-void-wide-L01-black-enig-art,F.Mask black gap,309,349,0.003138471,91.3437,58.1151,91.3464,58.1135,0.13
17-kumiko-void-wide-L01-black-enig-art,F.Mask black gap,318,348,0.003138471,91.3437,9.6177,91.3464,9.6161,0.13
17-kumiko-void-wide-L01-black-enig-art,F.Mask black gap,33,75,0.021057132,21.17217144277632,3.123263983937642,21.1827,3.1415,0.13
17-kumiko-void-wide-L01-black-enig-art,F.Mask black gap,143,185,0.021057132,49.17217144277632,3.1232639839376444,49.1827,3.1415,0.13
17-kumiko-void-wide-L01-black-enig-art,F.Mask black gap,253,295,0.021057132,77.17217144277632,3.1232639839376444,77.1827,3.1415,0.13
17-kumiko-void-wide-L01-black-enig-art,F.Mask black gap,0,18,0.021057331,7.172171349188036,11.206163807777683,7.1827,11.2244,0.13
17-kumiko-void-wide-L01-black-enig-art,F.Mask black gap,94,127,0.021057331,35.172171349188034,11.206163807777685,35.1827,11.2244,0.13
17-kumiko-void-wide-L01-black-enig-art,F.Mask black gap,204,237,0.021057331,63.172171349188034,11.206163807777685,63.1827,11.2244,0.13
17-kumiko-void-wide-L01-black-enig-art,F.Mask black gap,314,347,0.021057331,91.17217134918803,11.206163807777683,91.1827,11.2244,0.13
17-kumiko-void-wide-L01-black-enig-art,F.Mask black gap,0,338,0.021059968,86.84386152235962,116.63687003302718,86.8621,116.6474,0.13
17-kumiko-void-wide-L01-black-enig-art,F.Mask black gap,0,118,0.021059968,30.843861522359624,116.63687003302718,30.8621,116.6474,0.13
17-kumiko-void-wide-L01-black-enig-art,F.Mask black gap,0,228,0.021059968,58.843861522359624,116.63687003302718,58.8621,116.6474,0.13
17-kumiko-void-wide-L01-black-enig-art,F.Mask black gap,0,277,0.02107228,69.12155088940091,1.8405638261899302,69.1398,1.8511,0.13
17-kumiko-void-wide-L01-black-enig-art,F.Mask black gap,0,167,0.02107228,41.12155088940091,1.8405638261899249,41.1398,1.8511,0.13
17-kumiko-void-wide-L01-black-enig-art,F.Mask black gap,0,4,0.021085069,2.843839812457542,116.63685743471652,2.8621,116.6474,0.13
17-kumiko-void-wide-L01-black-enig-art,F.Mask black gap,0,113,0.021096566,27.1215298279387,123.0841517342847,27.1398,123.0947,0.13
17-kumiko-void-wide-L01-black-enig-art,F.Mask black gap,0,223,0.021096566,55.1215298279387,123.08415173428469,55.1398,123.0947,0.13
17-kumiko-void-wide-L01-black-enig-art,F.Mask black gap,0,333,0.021096566,83.1215298279387,123.0841517342847,83.1398,123.0947,0.13
17-kumiko-void-wide-L01-black-enig-art,F.Mask black gap,0,373,0.021097253,97.12152941518178,1.8405510751026408,97.1398,1.8511,0.13
17-kumiko-void-wide-L01-black-enig-art,F.Mask black gap,9,13,0.021097666,4.141151342993941,2.1789287838023856,4.1517,2.1972,0.13
17-kumiko-void-wide-L01-black-enig-art,F.Mask black gap,0,84,0.0211,21.98,1.724,22.0011,1.724,0.13
17-kumiko-void-wide-L01-black-enig-art,F.Mask black gap,0,16,0.0211,7.0556,10.7313,7.0556,10.7524,0.13
17-kumiko-void-wide-L01-black-enig-art,F.Mask black gap,0,1,0.0211,2.3890000000000002,34.98,2.389,35.0011,0.13
17-kumiko-void-wide-L01-black-enig-art,F.Mask black gap,0,87,0.0211,21.98,116.7734,22.0011,116.7734,0.13
17-kumiko-void-wide-L01-black-enig-art,F.Mask black gap,0,304,0.0211,77.98,1.724,78.0011,1.724,0.13
17-kumiko-void-wide-L01-black-enig-art,F.Mask black gap,0,245,0.0211,63.98,9.8069,64.0011,9.8069,0.13
17-kumiko-void-wide-L01-black-enig-art,F.Mask black gap,0,366,0.0211,92.9444,10.7313,92.9444,10.7524,0.13
17-kumiko-void-wide-L01-black-enig-art,F.Mask black gap,0,377,0.0211,100.389,10.7313,100.389,10.7524,0.13
17-kumiko-void-wide-L01-black-enig-art,F.Mask black gap,0,378,0.0211,100.389,59.2287,100.389,59.2498,0.13
17-kumiko-void-wide-L01-black-enig-art,F.Mask black gap,0,194,0.0211,49.98,1.724,50.0011,1.724,0.13
17-kumiko-void-wide-L01-black-enig-art,F.Mask black gap,0,135,0.0211,35.98,9.8069,36.0011,9.8069,0.13
17-kumiko-void-wide-L01-black-enig-art,F.Mask black gap,0,197,0.0211,49.98,116.7734,50.0011,116.7734,0.13
17-kumiko-void-wide-L01-black-enig-art,F.Mask black gap,0,307,0.0211,77.98,116.7734,78.0011,116.7734,0.13
17-kumiko-void-wide-L01-black-enig-art,F.Mask black gap,12,27,0.0211,7.98,122.9676,8.0011,122.9676,0.13
17-kumiko-void-wide-L01-black-enig-art,F.Mask black gap,15,26,0.0211,7.98,11.6956,8.0011,11.6956,0.13
17-kumiko-void-wide-L01-black-enig-art,F.Mask black gap,19,25,0.0211,7.98,9.8069,8.0011,9.8069,0.13
17-kumiko-void-wide-L01-black-enig-art,F.Mask black gap,33,61,0.0211,21.0556,2.6695,21.0556,2.6484,0.13
17-kumiko-void-wide-L01-black-enig-art,F.Mask black gap,35,81,0.0211,22.0011,3.6127,21.98,3.6126999999999994,0.13
17-kumiko-void-wide-L01-black-enig-art,F.Mask black gap,35,62,0.0211,16.389,10.7313,16.389,10.7524,0.13
17-kumiko-void-wide-L01-black-enig-art,F.Mask black gap,35,67,0.0211,18.2777,10.7313,18.2777,10.7524,0.13
17-kumiko-void-wide-L01-black-enig-art,F.Mask black gap,35,111,0.0211,25.7223,10.7313,25.7223,10.7524,0.13
17-kumiko-void-wide-L01-black-enig-art,F.Mask black gap,35,115,0.0211,27.611,10.7313,27.611,10.7524,0.13
17-kumiko-void-wide-L01-black-enig-art,F.Mask black gap,35,44,0.0211,8.9444,10.7313,8.9444,10.7524,0.13
17-kumiko-void-wide-L01-black-enig-art,F.Mask black gap,35,125,0.0211,35.0556,10.7313,35.0556,10.7524,0.13
17-kumiko-void-wide-L01-black-enig-art,F.Mask black gap,70,72,0.0211,21.0556,18.8142,21.0556,18.8353,0.13
17-kumiko-void-wide-L01-black-enig-art,F.Mask black gap,82,85,0.0211,21.98,17.8898,22.0011,17.8898,0.13
17-kumiko-void-wide-L01-black-enig-art,F.Mask black gap,83,86,0.0211,21.98,114.8847,22.0011,114.8847,0.13
17-kumiko-void-wide-L01-black-enig-art,F.Mask black gap,98,100,0.0211,22.9444,18.8353,22.9444,18.8142,0.13
17-kumiko-void-wide-L01-black-enig-art,F.Mask black gap,123,137,0.0211,35.98,122.9676,36.0011,122.9676,0.13
17-kumiko-void-wide-L01-black-enig-art,F.Mask black gap,124,136,0.0211,35.98,11.6956,36.0011,11.6956,0.13
17-kumiko-void-wide-L01-black-enig-art,F.Mask black gap,143,170,0.0211,49.0556,2.6695,49.0556,2.6484,0.13
17-kumiko-void-wide-L01-black-enig-art,F.Mask black gap,146,191,0.0211,50.0011,3.6127,49.98,3.6126999999999994,0.13
17-kumiko-void-wide-L01-black-enig-art,F.Mask black gap,146,172,0.0211,44.389,10.7313,44.389,10.7524,0.13
17-kumiko-void-wide-L01-black-enig-art,F.Mask black gap,146,225,0.0211,55.611,10.7313,55.611,10.7524,0.13
17-kumiko-void-wide-L01-black-enig-art,F.Mask black gap,146,177,0.0211,46.2777,10.7313,46.2777,10.7524,0.13
17-kumiko-void-wide-L01-black-enig-art,F.Mask black gap,146,157,0.0211,36.9444,10.7313,36.9444,10.7524,0.13
17-kumiko-void-wide-L01-black-enig-art,F.Mask black gap,146,235,0.0211,63.0556,10.7313,63.0556,10.7524,0.13
17-kumiko-void-wide-L01-black-enig-art,F.Mask black gap,146,221,0.0211,53.7223,10.7313,53.7223,10.7524,0.13
17-kumiko-void-wide-L01-black-enig-art,F.Mask black gap,180,182,0.0211,49.0556,18.8142,49.0556,18.8353,0.13
17-kumiko-void-wide-L01-black-enig-art,F.Mask black gap,192,195,0.0211,49.98,17.8898,50.0011,17.8898,0.13
17-kumiko-void-wide-L01-black-enig-art,F.Mask black gap,193,196,0.0211,49.98,114.8847,50.0011,114.8847,0.13
17-kumiko-void-wide-L01-black-enig-art,F.Mask black gap,208,210,0.0211,50.9444,18.8353,50.9444,18.8142,0.13
17-kumiko-void-wide-L01-black-enig-art,F.Mask black gap,233,247,0.0211,63.98,122.9676,64.0011,122.9676,0.13
17-kumiko-void-wide-L01-black-enig-art,F.Mask black gap,234,246,0.0211,63.98,11.6956,64.0011,11.6956,0.13
17-kumiko-void-wide-L01-black-enig-art,F.Mask black gap,253,280,0.0211,69.611,2.6695,69.611,2.6484,0.13
17-kumiko-void-wide-L01-black-enig-art,F.Mask black gap,256,301,0.0211,78.0011,3.6127,77.98,3.6126999999999994,0.13
17-kumiko-void-wide-L01-black-enig-art,F.Mask black gap,256,287,0.0211,74.2777,10.7313,74.2777,10.7524,0.13
17-kumiko-void-wide-L01-black-enig-art,F.Mask black gap,256,282,0.0211,72.389,10.7313,72.389,10.7524,0.13
17-kumiko-void-wide-L01-black-enig-art,F.Mask black gap,256,267,0.0211,64.9444,10.7313,64.9444,10.7524,0.13
17-kumiko-void-wide-L01-black-enig-art,F.Mask black gap,256,331,0.0211,81.7223,10.7313,81.7223,10.7524,0.13
17-kumiko-void-wide-L01-black-enig-art,F.Mask black gap,256,336,0.0211,83.611,10.7313,83.611,10.7524,0.13
17-kumiko-void-wide-L01-black-enig-art,F.Mask black gap,256,345,0.0211,91.0556,10.7313,91.0556,10.7524,0.13
17-kumiko-void-wide-L01-black-enig-art,F.Mask black gap,290,292,0.0211,77.0556,18.8142,77.0556,18.8353,0.13
17-kumiko-void-wide-L01-black-enig-art,F.Mask black gap,302,305,0.0211,77.98,17.8898,78.0011,17.8898,0.13
17-kumiko-void-wide-L01-black-enig-art,F.Mask black gap,303,306,0.0211,77.98,114.8847,78.0011,114.8847,0.13
17-kumiko-void-wide-L01-black-enig-art,F.Mask black gap,318,321,0.0211,78.9444,2.6695,78.9444,2.6484,0.13
17-kumiko-void-wide-L01-black-enig-art,F.Mask black gap,319,322,0.0211,78.9444,18.8353,78.9444,18.8142,0.13
17-kumiko-void-wide-L01-black-enig-art,F.Mask black gap,343,358,0.0211,91.98,122.9676,92.0011,122.9676,0.13
17-kumiko-void-wide-L01-black-enig-art,F.Mask black gap,344,357,0.0211,91.98,11.6956,92.0011,11.6956,0.13
17-kumiko-void-wide-L01-black-enig-art,F.Mask black gap,348,356,0.0211,91.98,9.8069,92.0011,9.8069,0.13
17-kumiko-void-wide-L01-black-enig-art,F.Mask black gap,88,134,0.021100463,35.510526474229344,11.559149749908052,35.5288,11.5697,0.13
17-kumiko-void-wide-L01-black-enig-art,F.Mask black gap,198,244,0.021100463,63.510526474229344,11.559149749908052,63.5288,11.5697,0.13
17-kumiko-void-wide-L01-black-enig-art,F.Mask black gap,308,353,0.021100463,91.51052647422935,11.559149749908045,91.5288,11.5697,0.13
17-kumiko-void-wide-L01-black-enig-art,F.Mask black gap,33,43,0.021100514,8.80784972241308,10.261826431254592,8.8184,10.2801,0.13
17-kumiko-void-wide-L01-black-enig-art,F.Mask black gap,94,109,0.021100514,22.807849722413078,18.344726431254593,22.8184,18.363,0.13
17-kumiko-void-wide-L01-black-enig-art,F.Mask black gap,96,110,0.021100514,22.807849722413078,115.33952643125458,22.8184,115.3578,0.13
17-kumiko-void-wide-L01-black-enig-art,F.Mask black gap,143,156,0.021100514,36.807849722413074,10.261826431254592,36.8184,10.2801,0.13
17-kumiko-void-wide-L01-black-enig-art,F.Mask black gap,204,219,0.021100514,50.807849722413074,18.344726431254593,50.8184,18.363,0.13
17-kumiko-void-wide-L01-black-enig-art,F.Mask black gap,206,220,0.021100514,50.807849722413074,115.33952643125458,50.8184,115.3578,0.13
17-kumiko-void-wide-L01-black-enig-art,F.Mask black gap,253,266,0.021100514,64.80784972241308,10.261826431254594,64.8184,10.2801,0.13
17-kumiko-void-wide-L01-black-enig-art,F.Mask black gap,314,329,0.021100514,78.80784972241308,18.344726431254593,78.8184,18.363,0.13
17-kumiko-void-wide-L01-black-enig-art,F.Mask black gap,316,330,0.021100514,78.80784972241308,115.33952643125458,78.8184,115.3578,0.13
17-kumiko-void-wide-L01-black-enig-art,F.Mask black gap,0,24,0.021100744,7.510526236552772,11.559149597843948,7.5288,11.5697,0.13
17-kumiko-void-wide-L01-black-enig-art,F.Mask black gap,88,121,0.021101762,31.788225348966428,18.006349100235653,31.8065,18.0169,0.13
17-kumiko-void-wide-L01-black-enig-art,F.Mask black gap,198,231,0.021101762,59.78822534896643,18.006349100235653,59.8065,18.0169,0.13
17-kumiko-void-wide-L01-black-enig-art,F.Mask black gap,308,341,0.021101762,87.78822534896642,18.006349100235653,87.8065,18.0169,0.13
17-kumiko-void-wide-L01-black-enig-art,F.Mask black gap,0,365,0.021102738,92.80784866502457,10.261824472975155,92.8184,10.2801,0.13
17-kumiko-void-wide-L01-black-enig-art,F.Mask black gap,0,144,0.021102854,36.8184,123.4407,36.807848580135115,123.42242438874496,0.13
17-kumiko-void-wide-L01-black-enig-art,F.Mask black gap,0,254,0.021102854,64.8184,123.4407,64.80784858013511,123.42242438874496,0.13
17-kumiko-void-wide-L01-black-enig-art,F.Mask black gap,0,65,0.021102887,21.5288,116.6474,21.510524360535737,116.63684856249166,0.13
17-kumiko-void-wide-L01-black-enig-art,F.Mask black gap,0,175,0.021102887,49.5288,116.6474,49.51052436053573,116.63684856249166,0.13
17-kumiko-void-wide-L01-black-enig-art,F.Mask black gap,0,285,0.021102887,77.5288,116.6474,77.51052436053574,116.63684856249166,0.13
17-kumiko-void-wide-L01-black-enig-art,F.Mask black gap,0,132,0.021103277,35.5288,124.7303,35.5105240295536,124.7197483554785,0.13
17-kumiko-void-wide-L01-black-enig-art,F.Mask black gap,0,242,0.021103277,63.5288,124.7303,63.5105240295536,124.7197483554785,0.13
17-kumiko-void-wide-L01-black-enig-art,F.Mask black gap,0,321,0.02110585,78.80784699023476,2.178921846763246,78.8184,2.1972,0.13
17-kumiko-void-wide-L01-black-enig-art,F.Mask black gap,80,81,0.021106063,21.510521666169257,3.4762468772796344,21.5288,3.4868,0.13
17-kumiko-void-wide-L01-black-enig-art,F.Mask black gap,190,191,0.021106063,49.510521666169254,3.476246877279637,49.5288,3.4868,0.13
17-kumiko-void-wide-L01-black-enig-art,F.Mask black gap,300,301,0.021106063,77.51052166616925,3.476246877279634,77.5288,3.4868,0.13
17-kumiko-void-wide-L01-black-enig-art,F.Mask black gap,0,10,0.021106578,3.788221184200839,18.006346680856165,3.8065,18.0169,0.13
17-kumiko-void-wide-L01-black-enig-art,F.Mask black gap,0,112,0.021106991,26.177220799833634,124.71974652191719,26.1955,124.7303,0.13
17-kumiko-void-wide-L01-black-enig-art,F.Mask black gap,0,222,0.021106991,54.177220799833634,124.71974652191719,54.1955,124.7303,0.13
17-kumiko-void-wide-L01-black-enig-art,F.Mask black gap,0,332,0.021106991,82.17722079983363,124.71974652191719,82.1955,124.7303,0.13
17-kumiko-void-wide-L01-black-enig-art,F.Mask black gap,56,58,0.021109309,13.474545155694187,18.34471891188137,13.4851,18.363,0.13
17-kumiko-void-wide-L01-black-enig-art,F.Mask black gap,165,168,0.021109309,41.47454515569419,18.34471891188137,41.4851,18.363,0.13
17-kumiko-void-wide-L01-black-enig-art,F.Mask black gap,275,278,0.021109309,69.47454515569419,18.34471891188137,69.4851,18.363,0.13
17-kumiko-void-wide-L01-black-enig-art,F.Mask black gap,57,59,0.021109559,13.474545033178115,115.33951869336049,13.4851,115.3578,0.13
17-kumiko-void-wide-L01-black-enig-art,F.Mask black gap,166,169,0.021109559,41.47454503317812,115.33951869336049,41.4851,115.3578,0.13
17-kumiko-void-wide-L01-black-enig-art,F.Mask black gap,276,279,0.021109559,69.47454503317812,115.33951869336049,69.4851,115.3578,0.13
17-kumiko-void-wide-L01-black-enig-art,F.Mask black gap,0,342,0.021136146,87.78819555038278,115.00123194417178,87.8065,115.0118,0.13
17-kumiko-void-wide-L01-black-enig-art,F.Mask black gap,0,122,0.021136146,31.78819555038278,115.00123194417178,31.8065,115.0118,0.13
17-kumiko-void-wide-L01-black-enig-art,F.Mask black gap,0,232,0.021136146,59.78819555038278,115.00123194417178,59.8065,115.0118,0.13
17-kumiko-void-wide-L01-black-enig-art,F.Mask black gap,0,268,0.021137976,68.1771939951431,3.476230978134902,68.1955,3.4868,0.13
17-kumiko-void-wide-L01-black-enig-art,F.Mask black gap,0,158,0.021137976,40.1771939951431,3.476230978134897,40.1955,3.4868,0.13
17-kumiko-void-wide-L01-black-enig-art,F.Mask black gap,54,56,0.021139754,13.121492491552194,18.00633002762714,13.1398,18.0169,0.13
17-kumiko-void-wide-L01-black-enig-art,F.Mask black gap,163,165,0.021139754,41.121492491552196,18.00633002762714,41.1398,18.0169,0.13
17-kumiko-void-wide-L01-black-enig-art,F.Mask black gap,273,275,0.021139754,69.12149249155219,18.00633002762714,69.1398,18.0169,0.13
17-kumiko-void-wide-L01-black-enig-art,F.Mask black gap,0,9,0.02114139,3.7881910441466085,1.8405292608804156,3.8065,1.8511,0.13
17-kumiko-void-wide-L01-black-enig-art,F.Mask black gap,0,371,0.021141666,97.1398,18.0169,97.12149081165148,18.006329112889308,0.13
17-kumiko-void-wide-L01-black-enig-art,F.Mask black gap,28,40,0.021141712,8.454890771005205,9.923429090648348,8.4732,9.934,0.13
17-kumiko-void-wide-L01-black-enig-art,F.Mask black gap,0,372,0.021141742,97.1398,115.0118,97.1214907452935,115.00122907519042,0.13
17-kumiko-void-wide-L01-black-enig-art,F.Mask black gap,55,57,0.021142913,13.121489713753633,115.00122852010026,13.1398,115.0118,0.13
17-kumiko-void-wide-L01-black-enig-art,F.Mask black gap,164,166,0.021142913,41.12148971375363,115.00122852010026,41.1398,115.0118,0.13
17-kumiko-void-wide-L01-black-enig-art,F.Mask black gap,274,276,0.021142913,69.12148971375363,115.00122852010026,69.1398,115.0118,0.13
17-kumiko-void-wide-L01-black-enig-art,F.Mask black gap,0,128,0.021143416,35.17212829088493,124.36678926512113,35.1827,124.3851,0.13
17-kumiko-void-wide-L01-black-enig-art,F.Mask black gap,0,238,0.021143416,63.17212829088493,124.36678926512113,63.1827,124.3851,0.13
17-kumiko-void-wide-L01-black-enig-art,F.Mask black gap,65,66,0.021143676,21.1827,116.3022,21.17212816880315,116.28388903525007,0.13
17-kumiko-void-wide-L01-black-enig-art,F.Mask black gap,175,176,0.021143676,49.1827,116.3022,49.17212816880315,116.28388903525007,0.13
17-kumiko-void-wide-L01-black-enig-art,F.Mask black gap,285,286,0.021143676,77.1827,116.3022,77.17212816880314,116.28388903525007,0.13
17-kumiko-void-wide-L01-black-enig-art,F.Mask black gap,0,11,0.021145328,3.7881875759354453,115.00122739378453,3.8065,115.0118,0.13
17-kumiko-void-wide-L01-black-enig-art,F.Mask black gap,0,263,0.021145351,64.4548876083251,9.923427290688094,64.4732,9.934,0.13
17-kumiko-void-wide-L01-black-enig-art,F.Mask black gap,0,153,0.021145351,36.4548876083251,9.9234272906881,36.4732,9.934,0.13
17-kumiko-void-wide-L01-black-enig-art,F.Mask black gap,85,94,0.021146195,22.454886809064266,18.006326986515703,22.4732,18.0169,0.13
17-kumiko-void-wide-L01-black-enig-art,F.Mask black gap,195,204,0.021146195,50.45488680906426,18.006326986515703,50.4732,18.0169,0.13
17-kumiko-void-wide-L01-black-enig-art,F.Mask black gap,305,314,0.021146195,78.45488680906426,18.0063269865157,78.4732,18.0169,0.13
17-kumiko-void-wide-L01-black-enig-art,F.Mask black gap,0,92,0.021146559,22.4732,1.8511,22.454886487879214,1.840526815942054,0.13
17-kumiko-void-wide-L01-black-enig-art,F.Mask black gap,0,312,0.021146559,78.4732,1.8511,78.45488648787922,1.8405268159420518,0.13
17-kumiko-void-wide-L01-black-enig-art,F.Mask black gap,0,202,0.021146559,50.4732,1.8511,50.454886487879214,1.840526815942055,0.13
17-kumiko-void-wide-L01-black-enig-art,F.Mask black gap,359,363,0.02114795,92.45488525876664,9.92342616319459,92.4732,9.934,0.13
17-kumiko-void-wide-L01-black-enig-art,F.Mask black gap,142,144,0.02114956,36.45488383579258,123.08412540750187,36.4732,123.0947,0.13
17-kumiko-void-wide-L01-black-enig-art,F.Mask black gap,252,254,0.02114956,64.45488383579259,123.08412540750187,64.4732,123.0947,0.13
17-kumiko-void-wide-L01-black-enig-art,F.Mask black gap,86,96,0.021150267,22.45488321101181,115.00122507570532,22.4732,115.0118,0.13
17-kumiko-void-wide-L01-black-enig-art,F.Mask black gap,196,206,0.021150267,50.45488321101181,115.00122507570532,50.4732,115.0118,0.13
17-kumiko-void-wide-L01-black-enig-art,F.Mask black gap,306,316,0.021150267,78.45488321101182,115.00122507570532,78.4732,115.0118,0.13
17-kumiko-void-wide-L01-black-enig-art,F.Mask black gap,32,41,0.021199454,8.454840696746185,123.08410033826097,8.4732,123.0947,0.13
17-kumiko-void-wide-L01-black-enig-art,F.Mask black gap,0,2,0.0212,2.3890000000000002,83.4774,2.389,83.4986,0.13
17-kumiko-void-wide-L01-black-enig-art,F.Mask black gap,0,379,0.0212,100.389,107.7261,100.389,107.7473,0.13
17-kumiko-void-wide-L01-black-enig-art,F.Mask black gap,0,114,0.0212,35.0556,123.9131,35.0556,123.8919,0.13
17-kumiko-void-wide-L01-black-enig-art,F.Mask black gap,0,224,0.0212,63.0556,123.9131,63.0556,123.8919,0.13
17-kumiko-void-wide-L01-black-enig-art,F.Mask black gap,59,60,0.0212,13.611,115.809,13.611,115.8302,0.13
17-kumiko-void-wide-L01-black-enig-art,F.Mask black gap,66,69,0.0212,21.0556,115.8302,21.0556,115.809,0.13
17-kumiko-void-wide-L01-black-enig-art,F.Mask black gap,99,101,0.0212,22.9444,115.8302,22.9444,115.809,0.13
17-kumiko-void-wide-L01-black-enig-art,F.Mask black gap,169,171,0.0212,41.611,115.809,41.611,115.8302,0.13
17-kumiko-void-wide-L01-black-enig-art,F.Mask black gap,176,179,0.0212,49.0556,115.8302,49.0556,115.809,0.13
17-kumiko-void-wide-L01-black-enig-art,F.Mask black gap,209,211,0.0212,50.9444,115.8302,50.9444,115.809,0.13
17-kumiko-void-wide-L01-black-enig-art,F.Mask black gap,279,281,0.0212,69.611,115.809,69.611,115.8302,0.13
17-kumiko-void-wide-L01-black-enig-art,F.Mask black gap,286,289,0.0212,77.0556,115.8302,77.0556,115.809,0.13
17-kumiko-void-wide-L01-black-enig-art,F.Mask black gap,320,323,0.0212,78.9444,115.8302,78.9444,115.809,0.13
17-kumiko-void-wide-L01-black-enig-art,F.Mask black gap,334,335,0.0212,83.611,123.9131,83.611,123.8919,0.13
17-kumiko-void-wide-L01-black-enig-art,F.Mask black gap,361,364,0.021222244,92.45482097540986,123.08408891596997,92.4732,123.0947,0.13
17-kumiko-void-wide-L01-black-enig-art,F.Mask black gap,141,150,0.021516474,36.637666177798245,106.6017417781191,36.6563,106.6125,0.13
17-kumiko-void-wide-L01-black-enig-art,F.Mask black gap,251,260,0.021516474,64.63766617779824,106.6017417781191,64.6563,106.6125,0.13
17-kumiko-void-wide-L01-black-enig-art,F.Mask black gap,0,343,0.021536169,91.32774912009346,108.87053193298792,91.3464,108.8813,0.13
17-kumiko-void-wide-L01-black-enig-art,F.Mask black gap,0,123,0.021536169,35.327749120093465,108.87053193298792,35.3464,108.8813,0.13
17-kumiko-void-wide-L01-black-enig-art,F.Mask black gap,0,233,0.021536169,63.327749120093465,108.87053193298792,63.3464,108.8813,0.13
17-kumiko-void-wide-L01-black-enig-art,F.Mask black gap,141,189,0.021536273,49.327749031428866,84.62183187867689,49.3464,84.6326,0.13
17-kumiko-void-wide-L01-black-enig-art,F.Mask black gap,251,299,0.021536273,77.32774903142887,84.62183187867689,77.3464,84.6326,0.13
17-kumiko-void-wide-L01-black-enig-art,F.Mask black gap,48,79,0.021537638,21.327747866862136,84.62183116532498,21.3464,84.6326,0.13
17-kumiko-void-wide-L01-black-enig-art,F.Mask black gap,30,77,0.021537805,21.327747724759416,36.124431078280026,21.3464,36.1352,0.13
17-kumiko-void-wide-L01-black-enig-art,F.Mask black gap,88,124,0.021537805,35.32774772475942,11.875731078280026,35.3464,11.8865,0.13
17-kumiko-void-wide-L01-black-enig-art,F.Mask black gap,90,130,0.021537805,35.32774772475942,60.37313107828001,35.3464,60.3839,0.13
17-kumiko-void-wide-L01-black-enig-art,F.Mask black gap,139,187,0.021537805,49.32774772475942,36.124431078280026,49.3464,36.1352,0.13
17-kumiko-void-wide-L01-black-enig-art,F.Mask black gap,198,234,0.021537805,63.32774772475942,11.875731078280026,63.3464,11.8865,0.13
17-kumiko-void-wide-L01-black-enig-art,F.Mask black gap,200,240,0.021537805,63.32774772475942,60.37313107828001,63.3464,60.3839,0.13
17-kumiko-void-wide-L01-black-enig-art,F.Mask black gap,249,297,0.021537805,77.32774772475942,36.124431078280026,77.3464,36.1352,0.13
17-kumiko-void-wide-L01-black-enig-art,F.Mask black gap,308,344,0.021537805,91.32774772475942,11.875731078280026,91.3464,11.8865,0.13
17-kumiko-void-wide-L01-black-enig-art,F.Mask black gap,310,350,0.021537805,91.32774772475942,60.37313107828001,91.3464,60.3839,0.13
17-kumiko-void-wide-L01-black-enig-art,F.Mask black gap,33,35,0.021537896,9.124431030612937,10.07904764694195,9.1352,10.0977,0.13
17-kumiko-void-wide-L01-black-enig-art,F.Mask black gap,143,146,0.021537896,37.12443103061294,10.079047646941952,37.1352,10.0977,0.13
17-kumiko-void-wide-L01-black-enig-art,F.Mask black gap,253,256,0.021537896,65.12443103061294,10.079047646941952,65.1352,10.0977,0.13
17-kumiko-void-wide-L01-black-enig-art,F.Mask black gap,0,324,0.021537983,79.1352,34.3464,79.12443098548081,34.327747573262904,0.13
17-kumiko-void-wide-L01-black-enig-art,F.Mask black gap,0,326,0.021537983,79.1352,82.8438,79.12443098548081,82.8251475732629,0.13
17-kumiko-void-wide-L01-black-enig-art,F.Mask black gap,37,42,0.021537983,9.124430985480812,58.576447573262904,9.1352,58.5951,0.13
17-kumiko-void-wide-L01-black-enig-art,F.Mask black gap,102,107,0.021537983,23.124430985480814,34.327747573262904,23.1352,34.3464,0.13
17-kumiko-void-wide-L01-black-enig-art,F.Mask black gap,104,108,0.021537983,23.124430985480814,82.8251475732629,23.1352,82.8438,0.13
17-kumiko-void-wide-L01-black-enig-art,F.Mask black gap,148,154,0.021537983,37.124430985480814,58.576447573262904,37.1352,58.5951,0.13
17-kumiko-void-wide-L01-black-enig-art,F.Mask black gap,150,155,0.021537983,37.124430985480814,107.0738475732629,37.1352,107.0925,0.13
17-kumiko-void-wide-L01-black-enig-art,F.Mask black gap,212,217,0.021537983,51.124430985480814,34.327747573262904,51.1352,34.3464,0.13
17-kumiko-void-wide-L01-black-enig-art,F.Mask black gap,214,218,0.021537983,51.124430985480814,82.8251475732629,51.1352,82.8438,0.13
17-kumiko-void-wide-L01-black-enig-art,F.Mask black gap,258,264,0.021537983,65.12443098548081,58.576447573262904,65.1352,58.5951,0.13
17-kumiko-void-wide-L01-black-enig-art,F.Mask black gap,260,265,0.021537983,65.12443098548081,107.0738475732629,65.1352,107.0925,0.13
17-kumiko-void-wide-L01-black-enig-art,F.Mask black gap,0,15,0.02153831,7.327747294381423,11.87573081465169,7.3464,11.8865,0.13
17-kumiko-void-wide-L01-black-enig-art,F.Mask black gap,0,21,0.02153831,7.327747294381425,60.37313081465169,7.3464,60.3839,0.13
17-kumiko-void-wide-L01-black-enig-art,F.Mask black gap,28,33,0.021562812,8.637626071428897,9.606918568110192,8.6563,9.6177,0.13
17-kumiko-void-wide-L01-black-enig-art,F.Mask black gap,0,253,0.021563928,64.63762511028469,9.606918001455133,64.6563,9.6177,0.13
17-kumiko-void-wide-L01-black-enig-art,F.Mask black gap,0,143,0.021563928,36.637625110284695,9.606918001455137,36.6563,9.6177,0.13
17-kumiko-void-wide-L01-black-enig-art,F.Mask black gap,88,94,0.021564763,34.8664,11.4076,34.85561762205443,11.388924365668762,0.13
17-kumiko-void-wide-L01-black-enig-art,F.Mask black gap,198,204,0.021564763,62.8664,11.4076,62.85561762205443,11.388924365668762,0.13
17-kumiko-void-wide-L01-black-enig-art,F.Mask black gap,308,314,0.021564763,90.8664,11.4076,90.85561762205442,11.388924365668759,0.13
17-kumiko-void-wide-L01-black-enig-art,F.Mask black gap,30,36,0.021564765,20.8664,35.6563,20.85561759429267,35.63762437911127,0.13
17-kumiko-void-wide-L01-black-enig-art,F.Mask black gap,38,48,0.021564765,20.85561759429267,84.13502437911127,20.8664,84.1537,0.13
17-kumiko-void-wide-L01-black-enig-art,F.Mask black gap,90,103,0.021564765,34.8664,59.905,34.85561759429267,59.886324379111265,0.13
17-kumiko-void-wide-L01-black-enig-art,F.Mask black gap,139,147,0.021564765,48.8664,35.6563,48.85561759429267,35.637624379111266,0.13
17-kumiko-void-wide-L01-black-enig-art,F.Mask black gap,141,149,0.021564765,48.8664,84.1537,48.85561759429267,84.13502437911127,0.13
17-kumiko-void-wide-L01-black-enig-art,F.Mask black gap,200,213,0.021564765,62.8664,59.905,62.85561759429267,59.886324379111265,0.13
17-kumiko-void-wide-L01-black-enig-art,F.Mask black gap,249,257,0.021564765,76.8664,35.6563,76.85561759429268,35.63762437911127,0.13
17-kumiko-void-wide-L01-black-enig-art,F.Mask black gap,251,259,0.021564765,76.8664,84.1537,76.85561759429267,84.13502437911127,0.13
17-kumiko-void-wide-L01-black-enig-art,F.Mask black gap,310,325,0.021564765,90.8664,59.905,90.85561759429267,59.88632437911127,0.13
17-kumiko-void-wide-L01-black-enig-art,F.Mask black gap,0,96,0.021564772,34.8664,108.4024,34.85561759072417,108.38372437254127,0.13
17-kumiko-void-wide-L01-black-enig-art,F.Mask black gap,0,316,0.021564772,90.8664,108.4024,90.85561759072418,108.38372437254128,0.13
17-kumiko-void-wide-L01-black-enig-art,F.Mask black gap,0,206,0.021564772,62.8664,108.4024,62.85561759072417,108.38372437254127,0.13
17-kumiko-void-wide-L01-black-enig-art,F.Mask black gap,30,37,0.021564943,8.637624223004252,58.10431750950311,8.6563,58.1151,0.13
17-kumiko-void-wide-L01-black-enig-art,F.Mask black gap,88,102,0.021564943,22.637624223004252,33.85561750950311,22.6563,33.8664,0.13
17-kumiko-void-wide-L01-black-enig-art,F.Mask black gap,90,104,0.021564943,22.637624223004256,82.35301750950312,22.6563,82.3638,0.13
17-kumiko-void-wide-L01-black-enig-art,F.Mask black gap,139,148,0.021564943,36.63762422300425,58.10431750950311,36.6563,58.1151,0.13
17-kumiko-void-wide-L01-black-enig-art,F.Mask black gap,198,212,0.021564943,50.63762422300425,33.85561750950311,50.6563,33.8664,0.13
17-kumiko-void-wide-L01-black-enig-art,F.Mask black gap,200,214,0.021564943,50.63762422300426,82.35301750950312,50.6563,82.3638,0.13
17-kumiko-void-wide-L01-black-enig-art,F.Mask black gap,249,258,0.021564943,64.63762422300425,58.10431750950311,64.6563,58.1151,0.13
17-kumiko-void-wide-L01-black-enig-art,F.Mask black gap,308,324,0.021564943,78.63762422300425,33.85561750950311,78.6563,33.8664,0.13
17-kumiko-void-wide-L01-black-enig-art,F.Mask black gap,310,326,0.021564943,78.63762422300425,82.35301750950312,78.6563,82.3638,0.13
17-kumiko-void-wide-L01-black-enig-art,F.Mask black gap,0,359,0.021572064,92.6563,9.6177,92.63761797565205,9.606914087831097,0.13
17-kumiko-void-wide-L01-black-enig-art,F.Mask black gap,0,36,0.0216,20.6901,34.98,20.6901,35.0016,0.13
17-kumiko-void-wide-L01-black-enig-art,F.Mask black gap,0,38,0.0216,20.6901,83.4774,20.6901,83.499,0.13
17-kumiko-void-wide-L01-black-enig-art,F.Mask black gap,0,327,0.0216,79.3099,34.98,79.3099,35.0016,0.13
17-kumiko-void-wide-L01-black-enig-art,F.Mask black gap,0,349,0.0216,92.0016,57.9388,91.98,57.9388,0.13
17-kumiko-void-wide-L01-black-enig-art,F.Mask black gap,0,350,0.0216,92.0016,60.5586,91.98,60.5586,0.13
17-kumiko-void-wide-L01-black-enig-art,F.Mask black gap,0,328,0.0216,79.3099,83.4774,79.3099,83.499,0.13
17-kumiko-void-wide-L01-black-enig-art,F.Mask black gap,0,12,0.0216,8.0016,109.056,7.98,109.056,0.13
17-kumiko-void-wide-L01-black-enig-art,F.Mask black gap,15,29,0.0216,7.98,12.0612,8.0016,12.0612,0.13
17-kumiko-void-wide-L01-black-enig-art,F.Mask black gap,19,28,0.0216,7.98,9.4414,8.0016,9.4414,0.13
17-kumiko-void-wide-L01-black-enig-art,F.Mask black gap,20,30,0.0216,7.98,57.9388,8.0016,57.9388,0.13
17-kumiko-void-wide-L01-black-enig-art,F.Mask black gap,21,31,0.0216,7.98,60.5586,8.0016,60.5586,0.13
17-kumiko-void-wide-L01-black-enig-art,F.Mask black gap,34,35,0.0216,9.3099,10.7529,9.3099,10.7313,0.13
17-kumiko-void-wide-L01-black-enig-art,F.Mask black gap,35,94,0.0216,34.6901,10.7313,34.6901,10.7529,0.13
17-kumiko-void-wide-L01-black-enig-art,F.Mask black gap,39,42,0.0216,9.3099,59.2503,9.3099,59.2287,0.13
17-kumiko-void-wide-L01-black-enig-art,F.Mask black gap,42,103,0.0216,34.6901,59.2287,34.6901,59.2503,0.13
17-kumiko-void-wide-L01-black-enig-art,F.Mask black gap,46,96,0.0216,34.6901,107.7261,34.6901,107.7477,0.13
17-kumiko-void-wide-L01-black-enig-art,F.Mask black gap,76,88,0.0216,21.98,33.6901,22.0016,33.6901,0.13
17-kumiko-void-wide-L01-black-enig-art,F.Mask black gap,77,89,0.0216,21.98,36.3099,22.0016,36.3099,0.13
17-kumiko-void-wide-L01-black-enig-art,F.Mask black gap,78,90,0.0216,21.98,82.1875,22.0016,82.1875,0.13
17-kumiko-void-wide-L01-black-enig-art,F.Mask black gap,79,91,0.0216,21.98,84.8073,22.0016,84.8073,0.13
17-kumiko-void-wide-L01-black-enig-art,F.Mask black gap,105,107,0.0216,23.3099,35.0016,23.3099,34.98,0.13
17-kumiko-void-wide-L01-black-enig-art,F.Mask black gap,106,108,0.0216,23.3099,83.499,23.3099,83.4774,0.13
17-kumiko-void-wide-L01-black-enig-art,F.Mask black gap,107,147,0.0216,48.6901,34.98,48.6901,35.0016,0.13
17-kumiko-void-wide-L01-black-enig-art,F.Mask black gap,108,149,0.0216,48.6901,83.4774,48.6901,83.499,0.13
17-kumiko-void-wide-L01-black-enig-art,F.Mask black gap,124,138,0.0216,35.98,12.0612,36.0016,12.0612,0.13
17-kumiko-void-wide-L01-black-enig-art,F.Mask black gap,129,139,0.0216,35.98,57.9388,36.0016,57.9388,0.13
17-kumiko-void-wide-L01-black-enig-art,F.Mask black gap,130,140,0.0216,35.98,60.5586,36.0016,60.5586,0.13
17-kumiko-void-wide-L01-black-enig-art,F.Mask black gap,131,141,0.0216,35.98,106.4362,36.0016,106.4362,0.13
17-kumiko-void-wide-L01-black-enig-art,F.Mask black gap,145,146,0.0216,37.3099,10.7529,37.3099,10.7313,0.13
17-kumiko-void-wide-L01-black-enig-art,F.Mask black gap,146,204,0.0216,62.6901,10.7313,62.6901,10.7529,0.13
17-kumiko-void-wide-L01-black-enig-art,F.Mask black gap,151,154,0.0216,37.3099,59.2503,37.3099,59.2287,0.13
17-kumiko-void-wide-L01-black-enig-art,F.Mask black gap,152,155,0.0216,37.3099,107.7477,37.3099,107.7261,0.13
17-kumiko-void-wide-L01-black-enig-art,F.Mask black gap,154,213,0.0216,62.6901,59.2287,62.6901,59.2503,0.13
17-kumiko-void-wide-L01-black-enig-art,F.Mask black gap,155,206,0.0216,62.6901,107.7261,62.6901,107.7477,0.13
17-kumiko-void-wide-L01-black-enig-art,F.Mask black gap,186,198,0.0216,49.98,33.6901,50.0016,33.6901,0.13
17-kumiko-void-wide-L01-black-enig-art,F.Mask black gap,187,199,0.0216,49.98,36.3099,50.0016,36.3099,0.13
17-kumiko-void-wide-L01-black-enig-art,F.Mask black gap,188,200,0.0216,49.98,82.1875,50.0016,82.1875,0.13
17-kumiko-void-wide-L01-black-enig-art,F.Mask black gap,189,201,0.0216,49.98,84.8073,50.0016,84.8073,0.13
17-kumiko-void-wide-L01-black-enig-art,F.Mask black gap,215,217,0.0216,51.3099,35.0016,51.3099,34.98,0.13
17-kumiko-void-wide-L01-black-enig-art,F.Mask black gap,216,218,0.0216,51.3099,83.499,51.3099,83.4774,0.13
17-kumiko-void-wide-L01-black-enig-art,F.Mask black gap,217,257,0.0216,76.6901,34.98,76.6901,35.0016,0.13
17-kumiko-void-wide-L01-black-enig-art,F.Mask black gap,218,259,0.0216,76.6901,83.4774,76.6901,83.499,0.13
17-kumiko-void-wide-L01-black-enig-art,F.Mask black gap,234,248,0.0216,63.98,12.0612,64.0016,12.0612,0.13
17-kumiko-void-wide-L01-black-enig-art,F.Mask black gap,239,249,0.0216,63.98,57.9388,64.0016,57.9388,0.13
17-kumiko-void-wide-L01-black-enig-art,F.Mask black gap,240,250,0.0216,63.98,60.5586,64.0016,60.5586,0.13
17-kumiko-void-wide-L01-black-enig-art,F.Mask black gap,241,251,0.0216,63.98,106.4362,64.0016,106.4362,0.13
17-kumiko-void-wide-L01-black-enig-art,F.Mask black gap,255,256,0.0216,65.3099,10.7529,65.3099,10.7313,0.13
17-kumiko-void-wide-L01-black-enig-art,F.Mask black gap,256,314,0.0216,90.6901,10.7313,90.6901,10.7529,0.13
17-kumiko-void-wide-L01-black-enig-art,F.Mask black gap,261,264,0.0216,65.3099,59.2503,65.3099,59.2287,0.13
17-kumiko-void-wide-L01-black-enig-art,F.Mask black gap,262,265,0.0216,65.3099,107.7477,65.3099,107.7261,0.13
17-kumiko-void-wide-L01-black-enig-art,F.Mask black gap,264,325,0.0216,90.6901,59.2287,90.6901,59.2503,0.13
17-kumiko-void-wide-L01-black-enig-art,F.Mask black gap,265,316,0.0216,90.6901,107.7261,90.6901,107.7477,0.13
17-kumiko-void-wide-L01-black-enig-art,F.Mask black gap,296,308,0.0216,77.98,33.6901,78.0016,33.6901,0.13
17-kumiko-void-wide-L01-black-enig-art,F.Mask black gap,297,309,0.0216,77.98,36.3099,78.0016,36.3099,0.13
17-kumiko-void-wide-L01-black-enig-art,F.Mask black gap,298,310,0.0216,77.98,82.1875,78.0016,82.1875,0.13
17-kumiko-void-wide-L01-black-enig-art,F.Mask black gap,299,311,0.0216,77.98,84.8073,78.0016,84.8073,0.13
17-kumiko-void-wide-L01-black-enig-art,F.Mask black gap,344,360,0.0216,91.98,12.0612,92.0016,12.0612,0.13
17-kumiko-void-wide-L01-black-enig-art,F.Mask black gap,348,359,0.0216,91.98,9.4414,92.0016,9.4414,0.13
17-kumiko-void-wide-L01-black-enig-art,F.Mask black gap,19,23,0.042381184,7.5592299855397505,9.835648174005494,7.5288,9.865147,0.13
17-kumiko-void-wide-L01-black-enig-art,F.Mask black gap,348,352,0.042383968,91.5592319845743,9.835650236141538,91.5288,9.865151,0.13
17-kumiko-void-wide-L01-black-enig-art,F.Mask black gap,15,24,0.042386056,7.559233483850203,11.666948217256433,7.5288,11.637446,0.13
17-kumiko-void-wide-L01-black-enig-art,F.Mask black gap,124,134,0.042386752,35.55923398360884,11.666947701722425,35.5288,11.637445,0.13
17-kumiko-void-wide-L01-black-enig-art,F.Mask black gap,234,244,0.042386752,63.55923398360884,11.666947701722425,63.5288,11.637445,0.13
17-kumiko-void-wide-L01-black-enig-art,F.Mask black gap,344,353,0.042386752,91.55923398360885,11.66694770172242,91.5288,11.637445,0.13
17-kumiko-void-wide-L01-black-enig-art,F.Mask black gap,35,43,0.042387448,8.915647186188412,10.310534483367476,8.886144,10.2801,0.13
17-kumiko-void-wide-L01-black-enig-art,F.Mask black gap,35,126,0.042387448,35.08435281381159,10.310534483367475,35.113856,10.2801,0.13
17-kumiko-void-wide-L01-black-enig-art,F.Mask black gap,146,236,0.042387448,63.08435281381159,10.310534483367475,63.113856,10.2801,0.13
17-kumiko-void-wide-L01-black-enig-art,F.Mask black gap,146,156,0.042387448,36.91564718618841,10.310534483367475,36.886144,10.2801,0.13
17-kumiko-void-wide-L01-black-enig-art,F.Mask black gap,256,266,0.042387448,64.91564718618841,10.310534483367475,64.886144,10.2801,0.13
17-kumiko-void-wide-L01-black-enig-art,F.Mask black gap,256,346,0.042387448,91.08435281381159,10.310534483367475,91.113856,10.2801,0.13
17-kumiko-void-wide-L01-black-enig-art,F.Mask black gap,34,44,0.042394239,9.013450703150237,10.827415270318824,9.003116,10.7863,0.13
17-kumiko-void-wide-L01-black-enig-art,F.Mask black gap,94,125,0.042394239,34.986549296849766,10.827415270318824,34.996884,10.7863,0.13
17-kumiko-void-wide-L01-black-enig-art,F.Mask black gap,145,157,0.042394239,37.013450703150234,10.827415270318824,37.003116,10.7863,0.13
17-kumiko-void-wide-L01-black-enig-art,F.Mask black gap,204,235,0.042394239,62.986549296849766,10.827415270318824,62.996884,10.7863,0.13
17-kumiko-void-wide-L01-black-enig-art,F.Mask black gap,255,267,0.042394239,65.01345070315024,10.827415270318822,65.003116,10.7863,0.13
17-kumiko-void-wide-L01-black-enig-art,F.Mask black gap,314,345,0.042394239,90.98654929684976,10.827415270318822,90.996884,10.7863,0.13
17-kumiko-void-wide-L01-black-enig-art,F.Mask black gap,356,359,0.042394239,92.035,9.748184,92.07611527031882,9.737849296849763,0.13
17-kumiko-void-wide-L01-black-enig-art,F.Mask black gap,25,28,0.042394483,8.035,9.748185,8.07611550674059,9.737850237422967,0.13
17-kumiko-void-wide-L01-black-enig-art,F.Mask black gap,88,127,0.042399177,35.16039431917831,11.323918410728416,35.148787,11.283139,0.13
17-kumiko-void-wide-L01-black-enig-art,F.Mask black gap,198,237,0.042399177,63.16039431917831,11.323918410728416,63.148787,11.283139,0.13
17-kumiko-void-wide-L01-black-enig-art,F.Mask black gap,308,347,0.042399177,91.16039431917831,11.323918410728416,91.148787,11.283139,0.13
17-kumiko-void-wide-L01-black-enig-art,F.Mask black gap,33,40,0.042418086,8.57259359709026,9.911781495685346,8.531796,9.900169,0.13
17-kumiko-void-wide-L01-black-enig-art,F.Mask black gap,26,29,0.042418617,8.035,11.754316,8.076138912495512,11.76465664582983,0.13
17-kumiko-void-wide-L01-black-enig-art,F.Mask black gap,136,138,0.042418617,36.035,11.754316,36.076138912495516,11.764656645829831,0.13
17-kumiko-void-wide-L01-black-enig-art,F.Mask black gap,246,248,0.042418617,64.035,11.754316,64.07613891249551,11.764656645829831,0.13
17-kumiko-void-wide-L01-black-enig-art,F.Mask black gap,357,360,0.042418617,92.035,11.754316,92.07613891249551,11.764656645829831,0.13
17-kumiko-void-wide-L01-black-enig-art,F.Mask black gap,143,153,0.042420423,36.57259284564329,9.911784135706188,36.531793,9.900171,0.13
17-kumiko-void-wide-L01-black-enig-art,F.Mask black gap,253,263,0.042420423,64.57259284564329,9.91178413570619,64.531793,9.900171,0.13
17-kumiko-void-wide-L01-black-enig-art,F.Mask black gap,0,363,0.042426061,92.57259126780326,9.911789679052214,92.531786,9.900175,0.13
17-kumiko-void-wide-L01-black-enig-art,F.Mask black gap,13,14,0.045,4.18,2.6484,4.18,2.6934,0.13
17-kumiko-void-wide-L01-black-enig-art,F.Mask black gap,46,47,0.080219,10.042318999999996,107.2361,10.042319,107.155881,0.13
17-kumiko-void-wide-L01-black-enig-art,F.Mask black gap,45,46,0.099806428,9.422196879909707,107.81253495636808,9.4721,107.7261,0.13
17-kumiko-void-wide-L01-black-enig-art,F.Mask black gap,0,142,0.108866607,36.6536,122.73993,36.599168,122.834212,0.13
17-kumiko-void-wide-L01-black-enig-art,F.Mask black gap,0,252,0.108866607,64.6536,122.73993,64.599168,122.834212,0.13
17-kumiko-void-wide-L01-black-enig-art,F.Mask black gap,35,80,0.108990406,21.311818,3.820407,21.366314,3.726019,0.13
17-kumiko-void-wide-L01-black-enig-art,F.Mask black gap,146,190,0.108990406,49.311818,3.820407,49.366314,3.726019,0.13
17-kumiko-void-wide-L01-black-enig-art,F.Mask black gap,256,300,0.108990406,77.311818,3.820407,77.366314,3.726019,0.13
17-kumiko-void-wide-L01-black-enig-art,F.Mask black gap,0,93,0.10916231,22.6536,117.00107,22.59902,116.906532,0.13
17-kumiko-void-wide-L01-black-enig-art,F.Mask black gap,0,203,0.10916231,50.6536,117.00107,50.59902,116.906532,0.13
17-kumiko-void-wide-L01-black-enig-art,F.Mask black gap,0,313,0.10916231,78.6536,117.00107,78.59902,116.906532,0.13
17-kumiko-void-wide-L01-black-enig-art,F.Mask black gap,0,32,0.109178934,8.6536,122.739836,8.599011,122.834388,0.13
17-kumiko-void-wide-L01-black-enig-art,F.Mask black gap,0,361,0.109291438,92.6536,122.739793,92.598954,122.834442,0.13
17-kumiko-void-wide-L01-black-enig-art,F.Mask black gap,0,101,0.109522,23.341943,115.809,23.232421,115.809,0.13
17-kumiko-void-wide-L01-black-enig-art,F.Mask black gap,0,211,0.109522,51.341943,115.809,51.232421,115.809,0.13
17-kumiko-void-wide-L01-black-enig-art,F.Mask black gap,0,323,0.109522,79.341943,115.809,79.232421,115.809,0.13
17-kumiko-void-wide-L01-black-enig-art,F.Mask black gap,59,69,0.109522,20.658057,115.809,20.767579,115.809,0.13
17-kumiko-void-wide-L01-black-enig-art,F.Mask black gap,169,179,0.109522,48.658057,115.809,48.767579,115.809,0.13
17-kumiko-void-wide-L01-black-enig-art,F.Mask black gap,279,289,0.109522,76.658057,115.809,76.767579,115.809,0.13
17-kumiko-void-wide-L01-black-enig-art,F.Mask black gap,34,70,0.11807285,21.535146484699492,18.542755947297323,21.47611,18.64501,0.13
17-kumiko-void-wide-L01-black-enig-art,F.Mask black gap,145,180,0.11807285,49.535146484699496,18.542755947297323,49.47611,18.64501,0.13
17-kumiko-void-wide-L01-black-enig-art,F.Mask black gap,255,290,0.11807285,77.5351464846995,18.542755947297326,77.47611,18.64501,0.13
17-kumiko-void-wide-L01-black-enig-art,F.Mask black gap,94,100,0.118072887,22.46485344025954,18.54275594800737,22.52389,18.64501,0.13
17-kumiko-void-wide-L01-black-enig-art,F.Mask black gap,204,210,0.118072887,50.46485344025954,18.54275594800737,50.52389,18.64501,0.13
17-kumiko-void-wide-L01-black-enig-art,F.Mask black gap,314,322,0.118072887,78.46485344025953,18.542755948007372,78.52389,18.64501,0.13
17-kumiko-void-wide-L01-black-enig-art,F.Mask black gap,152,179,0.118075289,49.53515672099388,115.5375618446302,49.476119,115.639818,0.13
17-kumiko-void-wide-L01-black-enig-art,F.Mask black gap,262,289,0.118075289,77.53515672099388,115.5375618446302,77.476119,115.639818,0.13
17-kumiko-void-wide-L01-black-enig-art,F.Mask black gap,96,101,0.118075315,22.464843226162237,115.5375618451347,22.523881,115.639818,0.13
17-kumiko-void-wide-L01-black-enig-art,F.Mask black gap,206,211,0.118075315,50.464843226162245,115.5375618451347,50.523881,115.639818,0.13
17-kumiko-void-wide-L01-black-enig-art,F.Mask black gap,316,323,0.118075315,78.46484322616224,115.5375618451347,78.523881,115.639818,0.13
17-kumiko-void-wide-L01-black-enig-art,F.Mask black gap,45,69,0.118075375,21.535156896851895,115.53756184630926,21.476119,115.639818,0.13
17-kumiko-void-wide-L01-black-enig-art,F.Mask black gap,33,80,0.118082449,21.51516882391571,2.9252345710138083,21.57421,3.027497,0.13
17-kumiko-void-wide-L01-black-enig-art,F.Mask black gap,143,190,0.118082449,49.515168823915715,2.9252345710138092,49.57421,3.027497,0.13
17-kumiko-void-wide-L01-black-enig-art,F.Mask black gap,253,300,0.118082449,77.5151688239157,2.9252345710138123,77.57421,3.027497,0.13
17-kumiko-void-wide-L01-black-enig-art,F.Mask black gap,123,142,0.118094,35.98,123.363637,36.098094,123.363637,0.13
17-kumiko-void-wide-L01-black-enig-art,F.Mask black gap,233,252,0.118094,63.98,123.363637,64.098094,123.363637,0.13
17-kumiko-void-wide-L04-black-enig-art,F.Mask black gap,3,11,0.003361547,7.8941,55.8294,7.897,55.8277,0.13
17-kumiko-void-wide-L04-black-enig-art,F.Mask black gap,3,10,0.003361547,7.3807,56.3428,7.379,56.3457,0.13
17-kumiko-void-wide-L04-black-enig-art,F.Mask black gap,38,44,0.003361547,35.3807,56.3428,35.379,56.3457,0.13
17-kumiko-void-wide-L04-black-enig-art,F.Mask black gap,54,66,0.003361547,49.3807,32.0941,49.379,32.097,0.13
17-kumiko-void-wide-L04-black-enig-art,F.Mask black gap,69,89,0.003361547,63.8941,55.8294,63.897,55.8277,0.13
17-kumiko-void-wide-L04-black-enig-art,F.Mask black gap,69,85,0.003361547,63.3807,56.3428,63.379,56.3457,0.13
17-kumiko-void-wide-L04-black-enig-art,F.Mask black gap,70,86,0.003361547,63.3807,104.8402,63.379,104.8431,0.13
17-kumiko-void-wide-L04-black-enig-art,F.Mask black gap,102,110,0.003361547,77.8941,80.0781,77.897,80.0764,0.13
17-kumiko-void-wide-L04-black-enig-art,F.Mask black gap,102,109,0.003361547,77.3807,80.5915,77.379,80.5944,0.13
17-kumiko-void-wide-L04-black-enig-art,F.Mask black gap,48,52,0.021658844,37.28714289271743,55.81857057489311,37.3059,55.8294,0.13
17-kumiko-void-wide-L04-black-enig-art,F.Mask black gap,50,53,0.021658844,37.28714289271743,104.31597057489311,37.3059,104.3268,0.13
17-kumiko-void-wide-L04-black-enig-art,F.Mask black gap,71,76,0.021658844,51.28714289271743,80.06727057489312,51.3059,80.0781,0.13
17-kumiko-void-wide-L04-black-enig-art,F.Mask black gap,96,100,0.021658844,65.28714289271743,104.31597057489311,65.3059,104.3268,0.13
17-kumiko-void-wide-L04-black-enig-art,F.Mask black gap,94,99,0.021659253,77.3807,33.5059,77.36987037904832,33.48714253362162,0.13
17-kumiko-void-wide-L04-black-enig-art,F.Mask black gap,121,137,0.021659253,91.36987037904831,57.73584253362162,91.3807,57.7546,0.13
17-kumiko-void-wide-L04-black-enig-art,F.Mask black gap,143,148,0.021659803,93.28714205087424,55.81857011576671,93.3059,55.8294,0.13
17-kumiko-void-wide-L04-black-enig-art,F.Mask black gap,34,37,0.021662042,23.287140084690584,31.569869043454037,23.3059,31.5807,0.13
17-kumiko-void-wide-L04-black-enig-art,F.Mask black gap,117,120,0.021662042,79.28714008469058,31.56986904345404,79.3059,31.5807,0.13
17-kumiko-void-wide-L04-black-enig-art,F.Mask black gap,25,29,0.021666566,21.878236198814562,31.58983327458984,21.897,31.579,0.13
17-kumiko-void-wide-L04-black-enig-art,F.Mask black gap,37,40,0.0216667,23.810166655605638,32.07823608442538,23.821,32.097,0.13
17-kumiko-void-wide-L04-black-enig-art,F.Mask black gap,52,59,0.0216667,37.810166655605634,56.326936084425384,37.821,56.3457,0.13
17-kumiko-void-wide-L04-black-enig-art,F.Mask black gap,53,60,0.0216667,37.810166655605634,104.82433608442538,37.821,104.8431,0.13
17-kumiko-void-wide-L04-black-enig-art,F.Mask black gap,100,106,0.0216667,65.81016665560564,104.82433608442538,65.821,104.8431,0.13
17-kumiko-void-wide-L04-black-enig-art,F.Mask black gap,122,130,0.0216667,79.81016665560564,80.57563608442538,79.821,80.5944,0.13
17-kumiko-void-wide-L04-black-enig-art,F.Mask black gap,48,67,0.021667109,49.87823573525569,34.010166442529055,49.897,34.021,0.13
17-kumiko-void-wide-L04-black-enig-art,F.Mask black gap,50,68,0.021667109,49.87823573525569,82.50756644252905,49.897,82.5184,0.13
17-kumiko-void-wide-L04-black-enig-art,F.Mask black gap,71,90,0.021667109,63.87823573525569,58.258866442529055,63.897,58.2697,0.13
17-kumiko-void-wide-L04-black-enig-art,F.Mask black gap,96,111,0.021667109,77.8782357352557,82.50756644252905,77.897,82.5184,0.13
17-kumiko-void-wide-L04-black-enig-art,F.Mask black gap,120,129,0.021668263,79.81016584102451,32.07823474957102,79.821,32.097,0.13
17-kumiko-void-wide-L04-black-enig-art,F.Mask black gap,42,45,0.021674677,35.87822927274383,106.75626249877988,35.897,106.7671,0.13
17-kumiko-void-wide-L04-black-enig-art,F.Mask black gap,1,26,0.0217,21.1911,32.78,21.1911,32.8017,0.13
17-kumiko-void-wide-L04-black-enig-art,F.Mask black gap,11,13,0.0217,8.58,55.6398,8.6017,55.6398,0.13
17-kumiko-void-wide-L04-black-enig-art,F.Mask black gap,29,34,0.0217,22.58,31.3911,22.6017,31.3911,0.13
17-kumiko-void-wide-L04-black-enig-art,F.Mask black gap,45,47,0.0217,36.58,106.9551,36.6017,106.9551,0.13
17-kumiko-void-wide-L04-black-enig-art,F.Mask black gap,67,69,0.0217,50.58,34.2089,50.6017,34.2089,0.13
17-kumiko-void-wide-L04-black-enig-art,F.Mask black gap,68,70,0.0217,50.58,82.7063,50.6017,82.7063,0.13
17-kumiko-void-wide-L04-black-enig-art,F.Mask black gap,73,74,0.0217,52.0089,32.8017,52.0089,32.78,0.13
17-kumiko-void-wide-L04-black-enig-art,F.Mask black gap,74,99,0.0217,77.1911,32.78,77.1911,32.8017,0.13
17-kumiko-void-wide-L04-black-enig-art,F.Mask black gap,89,94,0.0217,64.58,55.6398,64.6017,55.6398,0.13
17-kumiko-void-wide-L04-black-enig-art,F.Mask black gap,101,104,0.0217,66.0089,57.0504,66.0089,57.0287,0.13
17-kumiko-void-wide-L04-black-enig-art,F.Mask black gap,104,121,0.0217,91.1911,57.0287,91.1911,57.0504,0.13
17-kumiko-void-wide-L04-black-enig-art,F.Mask black gap,111,115,0.0217,78.58,82.7063,78.6017,82.7063,0.13
17-kumiko-void-wide-L04-black-enig-art,F.Mask black gap,138,142,0.0217,92.58,58.4576,92.6017,58.4576,0.13
17-kumiko-void-wide-L04-black-enig-art,F.Mask black gap,20,30,0.034606,21.862394,34.037606,21.897,34.037606,0.13
17-kumiko-void-wide-L04-black-enig-art,F.Mask black gap,21,22,0.034606,9.837605,56.3457,9.837605,56.311094,0.13
17-kumiko-void-wide-L04-black-enig-art,F.Mask black gap,77,78,0.034606,51.837605,80.5944,51.837605,80.559794,0.13
17-kumiko-void-wide-L04-black-enig-art,F.Mask black gap,127,138,0.034606,91.862394,58.286306,91.897,58.286306,0.13
17-kumiko-void-wide-L04-black-enig-art,F.Mask black gap,18,20,0.034614375,9.320307309286873,55.8210818581726,9.303,55.791105,0.13
17-kumiko-void-wide-L04-black-enig-art,F.Mask black gap,122,127,0.034614467,79.32030719051517,80.06978203208665,79.303,80.039805,0.13
17-kumiko-void-wide-L04-black-enig-art,F.Mask black gap,15,27,0.034615458,21.342404,33.503,21.372382020405777,33.52030746076806,0.13
17-kumiko-void-wide-L04-black-enig-art,F.Mask black gap,149,150,0.034617,93.837612,56.3457,93.837612,56.311083,0.13
17-kumiko-void-wide-L04-black-enig-art,F.Mask black gap,103,107,0.034641264,66.02327634550866,105.55610020139329,66.040597,105.5261,0.13
17-kumiko-void-wide-L04-black-enig-art,F.Mask black gap,32,35,0.034641288,22.58,34.240597,22.610000197159692,34.22327629043782,0.13
17-kumiko-void-wide-L04-black-enig-art,F.Mask black gap,62,64,0.034641288,38.02327629043782,105.5561001971597,38.040597,105.5261,0.13
17-kumiko-void-wide-L04-black-enig-art,F.Mask black gap,64,82,0.034641288,63.159403,105.5261,63.17672370956218,105.5561001971597,0.13
17-kumiko-void-wide-L04-black-enig-art,F.Mask black gap,92,95,0.034641288,64.58,58.489297,64.61000019715969,58.471976290437816,0.13
17-kumiko-void-wide-L04-black-enig-art,F.Mask black gap,112,114,0.034641288,78.58,79.856803,78.61000019715968,79.87412370956218,0.13
17-kumiko-void-wide-L04-black-enig-art,F.Mask black gap,132,134,0.034641288,80.02327629043782,81.3074001971597,80.040597,81.2774,0.13
17-kumiko-void-wide-L04-black-enig-art,F.Mask black gap,80,87,0.034662556,63.342407,106.2491,63.372425491677774,106.26643155896329,0.13
17-kumiko-void-wide-L04-black-enig-art,F.Mask black gap,14,18,0.039602653,9.249157,55.884364,9.287258510925115,55.89516423117384,0.13
17-kumiko-void-wide-L04-black-enig-art,F.Mask black gap,118,122,0.039602801,79.249157,80.133064,79.28725867686194,80.1438641889981,0.13
17-kumiko-void-wide-L04-black-enig-art,F.Mask black gap,27,28,0.039603552,21.44646535957591,33.487258408672865,21.435665,33.449156,0.13
17-kumiko-void-wide-L04-black-enig-art,F.Mask black gap,30,31,0.039627231,21.944681131718273,33.97192240029504,21.916259,33.944309,0.13
17-kumiko-void-wide-L04-black-enig-art,F.Mask black gap,16,21,0.039627262,9.74431,56.364958,9.771923425934391,56.39338014957625,0.13
17-kumiko-void-wide-L04-black-enig-art,F.Mask black gap,72,77,0.039627262,51.74431,80.613658,51.77192342593439,80.64208014957624,0.13
17-kumiko-void-wide-L04-black-enig-art,F.Mask black gap,138,139,0.039627399,91.94468118452417,58.22062258752491,91.916259,58.193009,0.13
17-kumiko-void-wide-L04-black-enig-art,F.Mask black gap,144,149,0.03963916,93.744286,56.364965,93.7719077980558,56.393395604766525,0.13
17-kumiko-void-wide-L04-black-enig-art,F.Mask black gap,103,105,0.039650252,65.94260390058626,105.56454320094633,65.932895,105.5261,0.13
17-kumiko-void-wide-L04-black-enig-art,F.Mask black gap,33,35,0.039650267,22.58,34.132895,22.618443213682315,34.14260391300697,0.13
17-kumiko-void-wide-L04-black-enig-art,F.Mask black gap,57,62,0.039650267,37.932895,105.5261,37.94260391300698,105.56454321368231,0.13
17-kumiko-void-wide-L04-black-enig-art,F.Mask black gap,82,84,0.039650267,63.257396086993026,105.56454321368231,63.267105,105.5261,0.13
17-kumiko-void-wide-L04-black-enig-art,F.Mask black gap,93,95,0.039650267,64.58,58.381595,64.61844321368231,58.39130391300697,0.13
17-kumiko-void-wide-L04-black-enig-art,F.Mask black gap,113,114,0.039650267,78.58,79.964505,78.61844321368231,79.95479608699303,0.13
17-kumiko-void-wide-L04-black-enig-art,F.Mask black gap,126,132,0.039650267,79.932895,81.2774,79.94260391300698,81.31584321368231,0.13
17-kumiko-void-wide-L04-black-enig-art,F.Mask black gap,87,88,0.039690453,63.44648871660494,106.23344497930357,63.435661,106.19526,0.13
17-kumiko-void-wide-L04-black-enig-art,F.Mask black gap,104,116,0.09333045,91.510748,56.4737,91.557473,56.392908,0.13
17-kumiko-void-wide-L04-black-enig-art,F.Mask black gap,1,25,0.093331316,21.510748,32.225,21.557473,32.144207,0.13
17-kumiko-void-wide-L04-black-enig-art,F.Mask black gap,55,61,0.107680333,37.764339,106.19526,37.857593,106.2491,0.13
17-kumiko-void-wide-L04-black-enig-art,F.Mask black gap,80,88,0.107680333,63.342407,106.2491,63.435661,106.19526,0.13
17-kumiko-void-wide-L04-black-enig-art,F.Mask black gap,14,20,0.107686163,9.249157,55.884364,9.303,55.791105,0.13
17-kumiko-void-wide-L04-black-enig-art,F.Mask black gap,36,38,0.107686163,23.249157,33.964336,23.303,34.057595,0.13
17-kumiko-void-wide-L04-black-enig-art,F.Mask black gap,98,102,0.107686163,65.249157,58.213036,65.303,58.306295,0.13
17-kumiko-void-wide-L04-black-enig-art,F.Mask black gap,118,127,0.107686163,79.249157,80.133064,79.303,80.039805,0.13
17-kumiko-void-wide-L04-black-enig-art,F.Mask black gap,15,28,0.107688395,21.342404,33.503,21.435665,33.449156,0.13
17-kumiko-void-wide-L04-black-enig-art,F.Mask black gap,123,131,0.107688395,79.764335,81.946556,79.857596,82.0004,0.13
17-kumiko-void-wide-L04-black-enig-art,F.Mask black gap,119,128,0.107689761,79.249155,82.461734,79.303,82.554996,0.13
17-kumiko-void-wide-L04-black-enig-art,F.Mask black gap,51,58,0.107700055,37.24915,106.710429,37.303,106.8037,0.13
17-kumiko-void-wide-L04-black-enig-art,F.Mask black gap,4,9,0.107702,7.159403,57.0287,7.267105,57.0287,0.13
17-kumiko-void-wide-L04-black-enig-art,F.Mask black gap,17,23,0.107702,9.932895,57.0287,10.040597,57.0287,0.13
17-kumiko-void-wide-L04-black-enig-art,F.Mask black gap,23,43,0.107702,35.159403,57.0287,35.267105,57.0287,0.13
17-kumiko-void-wide-L04-black-enig-art,F.Mask black gap,32,33,0.107702,22.58,34.240597,22.58,34.132895,0.13
17-kumiko-void-wide-L04-black-enig-art,F.Mask black gap,39,41,0.107702,23.932895,32.78,24.040597,32.78,0.13
17-kumiko-void-wide-L04-black-enig-art,F.Mask black gap,41,65,0.107702,49.159403,32.78,49.267105,32.78,0.13
17-kumiko-void-wide-L04-black-enig-art,F.Mask black gap,56,63,0.107702,37.932895,57.0287,38.040597,57.0287,0.13
17-kumiko-void-wide-L04-black-enig-art,F.Mask black gap,57,64,0.107702,37.932895,105.5261,38.040597,105.5261,0.13
17-kumiko-void-wide-L04-black-enig-art,F.Mask black gap,63,83,0.107702,63.159403,57.0287,63.267105,57.0287,0.13
17-kumiko-void-wide-L04-black-enig-art,F.Mask black gap,64,84,0.107702,63.159403,105.5261,63.267105,105.5261,0.13
17-kumiko-void-wide-L04-black-enig-art,F.Mask black gap,75,79,0.107702,51.932895,81.2774,52.040597,81.2774,0.13
17-kumiko-void-wide-L04-black-enig-art,F.Mask black gap,79,108,0.107702,77.159403,81.2774,77.267105,81.2774,0.13
17-kumiko-void-wide-L04-black-enig-art,F.Mask black gap,92,93,0.107702,64.58,58.489297,64.58,58.381595,0.13
17-kumiko-void-wide-L04-black-enig-art,F.Mask black gap,105,107,0.107702,65.932895,105.5261,66.040597,105.5261,0.13
17-kumiko-void-wide-L04-black-enig-art,F.Mask black gap,112,113,0.107702,78.58,79.856803,78.58,79.964505,0.13
17-kumiko-void-wide-L04-black-enig-art,F.Mask black gap,125,133,0.107702,79.932895,32.78,80.040597,32.78,0.13
17-kumiko-void-wide-L04-black-enig-art,F.Mask black gap,126,134,0.107702,79.932895,81.2774,80.040597,81.2774,0.13
17-kumiko-void-wide-L04-black-enig-art,F.Mask black gap,147,151,0.107702,93.932895,57.0287,94.040597,57.0287,0.13
17-kumiko-void-wide-L04-black-enig-art,F.Mask black gap,16,22,0.10772784,9.74431,56.364958,9.837605,56.311094,0.13
17-kumiko-void-wide-L04-black-enig-art,F.Mask black gap,72,78,0.10772784,51.74431,80.613658,51.837605,80.559794,0.13
17-kumiko-void-wide-L04-black-enig-art,F.Mask black gap,20,31,0.107730072,21.862394,34.037606,21.916259,33.944309,0.13
17-kumiko-void-wide-L04-black-enig-art,F.Mask black gap,127,139,0.107730072,91.862394,58.286306,91.916259,58.193009,0.13
17-kumiko-void-wide-L04-black-enig-art,F.Mask black gap,144,150,0.107763687,93.744286,56.364965,93.837612,56.311083,0.13
17-kumiko-void-wide-L04-black-enig-art,F.Mask black gap,81,91,0.107773115,63.86238,106.783714,63.916267,106.69038,0.13
17-kumiko-void-wide-L07-black-enig-art,F.Cu island gap,7,8,0.016468879,6.172946506275559,108.9618116073412,6.184423,108.95,0.1
17-kumiko-void-wide-L07-black-enig-art,F.Mask black gap,3,10,0.003361547,6.4941,59.8294,6.497,59.8277,0.13
17-kumiko-void-wide-L07-black-enig-art,F.Mask black gap,3,9,0.003361547,5.9807,60.3428,5.979,60.3457,0.13
17-kumiko-void-wide-L07-black-enig-art,F.Mask black gap,38,43,0.003361547,33.9807,60.3428,33.979,60.3457,0.13
17-kumiko-void-wide-L07-black-enig-art,F.Mask black gap,49,56,0.003361547,48.4941,35.5807,48.497,35.579,0.13
17-kumiko-void-wide-L07-black-enig-art,F.Mask black gap,49,55,0.003361547,47.9807,36.0941,47.979,36.097,0.13
17-kumiko-void-wide-L07-black-enig-art,F.Mask black gap,59,70,0.003361547,61.9807,108.8402,61.979,108.8431,0.13
17-kumiko-void-wide-L07-black-enig-art,F.Mask black gap,75,80,0.003361547,75.9807,36.0941,75.979,36.097,0.13
17-kumiko-void-wide-L07-black-enig-art,F.Mask black gap,90,102,0.003361547,90.4941,108.3268,90.497,108.3251,0.13
17-kumiko-void-wide-L07-black-enig-art,F.Mask black gap,90,99,0.003361547,89.9807,108.8402,89.979,108.8431,0.13
17-kumiko-void-wide-L07-black-enig-art,F.Mask black gap,47,48,0.021658844,35.88714289271743,108.31597057489311,35.9059,108.3268,0.13
17-kumiko-void-wide-L07-black-enig-art,F.Mask black gap,73,74,0.021658844,63.88714289271743,108.31597057489311,63.9059,108.3268,0.13
17-kumiko-void-wide-L07-black-enig-art,F.Mask black gap,85,88,0.021658844,77.88714289271743,84.06727057489312,77.9059,84.0781,0.13
17-kumiko-void-wide-L07-black-enig-art,F.Mask black gap,106,114,0.021660522,91.88714141886595,59.818569771082096,91.9059,59.8294,0.13
17-kumiko-void-wide-L07-black-enig-art,F.Mask black gap,33,37,0.02166138,21.88714066588786,35.56986936042472,21.9059,35.5807,0.13
17-kumiko-void-wide-L07-black-enig-art,F.Mask black gap,83,87,0.02166138,77.88714066588786,35.56986936042472,77.9059,35.5807,0.13
17-kumiko-void-wide-L07-black-enig-art,F.Mask black gap,23,28,0.021666615,20.47823615660853,35.589833300345525,20.497,35.579,0.13
17-kumiko-void-wide-L07-black-enig-art,F.Mask black gap,37,40,0.0216667,22.41016665560564,36.078236084425384,22.421,36.097,0.13
17-kumiko-void-wide-L07-black-enig-art,F.Mask black gap,48,51,0.0216667,36.410166655605636,108.82433608442538,36.421,108.8431,0.13
17-kumiko-void-wide-L07-black-enig-art,F.Mask black gap,74,77,0.0216667,64.41016665560564,108.82433608442538,64.421,108.8431,0.13
17-kumiko-void-wide-L07-black-enig-art,F.Mask black gap,87,93,0.0216667,78.41016665560564,36.07823608442538,78.421,36.097,0.13
17-kumiko-void-wide-L07-black-enig-art,F.Mask black gap,88,94,0.0216667,78.41016665560565,84.57563608442538,78.421,84.5944,0.13
17-kumiko-void-wide-L07-black-enig-art,F.Mask black gap,47,57,0.021667109,48.478235735255694,86.50756644252905,48.497,86.5184,0.13
17-kumiko-void-wide-L07-black-enig-art,F.Mask black gap,73,81,0.021667109,76.4782357352557,86.50756644252905,76.497,86.5184,0.13
17-kumiko-void-wide-L07-black-enig-art,F.Mask black gap,85,101,0.021667109,90.47823573525568,62.258866442529055,90.497,62.2697,0.13
17-kumiko-void-wide-L07-black-enig-art,F.Mask black gap,1,25,0.0217,19.7911,36.78,19.7911,36.8017,0.13
17-kumiko-void-wide-L07-black-enig-art,F.Mask black gap,10,12,0.0217,7.18,59.6398,7.2017,59.6398,0.13
17-kumiko-void-wide-L07-black-enig-art,F.Mask black gap,28,33,0.0217,21.18,35.3911,21.2017,35.3911,0.13
17-kumiko-void-wide-L07-black-enig-art,F.Mask black gap,56,58,0.0217,49.18,35.3911,49.2017,35.3911,0.13
17-kumiko-void-wide-L07-black-enig-art,F.Mask black gap,57,59,0.0217,49.18,86.7063,49.2017,86.7063,0.13
17-kumiko-void-wide-L07-black-enig-art,F.Mask black gap,81,82,0.0217,77.18,86.7063,77.2017,86.7063,0.13
17-kumiko-void-wide-L07-black-enig-art,F.Mask black gap,101,104,0.0217,91.18,62.4576,91.2017,62.4576,0.13
17-kumiko-void-wide-L07-black-enig-art,F.Mask black gap,102,105,0.0217,91.18,108.1372,91.2017,108.1372,0.13
17-kumiko-void-wide-L07-black-enig-art,F.Mask black gap,116,117,0.0346,92.437602,60.3457,92.437602,60.3111,0.13
17-kumiko-void-wide-L07-black-enig-art,F.Mask black gap,19,29,0.034606,20.462394,38.037606,20.497,38.037606,0.13
17-kumiko-void-wide-L07-black-enig-art,F.Mask black gap,20,21,0.034606,8.437605,60.3457,8.437605,60.311094,0.13
17-kumiko-void-wide-L07-black-enig-art,F.Mask black gap,67,68,0.034606,50.437605,36.097,50.437605,36.062394,0.13
17-kumiko-void-wide-L07-black-enig-art,F.Mask black gap,18,19,0.034614375,7.920307309286872,59.8210818581726,7.903,59.791105,0.13
17-kumiko-void-wide-L07-black-enig-art,F.Mask black gap,14,26,0.034615458,19.942404,37.503,19.972382020405774,37.52030746076805,0.13
17-kumiko-void-wide-L07-black-enig-art,F.Mask black gap,65,66,0.034618763,49.92030939891899,35.57238071862475,49.903,35.5424,0.13
17-kumiko-void-wide-L07-black-enig-art,F.Mask black gap,31,34,0.034641288,21.18,38.240597,21.21000019715969,38.22327629043782,0.13
17-kumiko-void-wide-L07-black-enig-art,F.Mask black gap,96,98,0.034641288,78.62327629043781,85.30740019715968,78.640597,85.2774,0.13
17-kumiko-void-wide-L07-black-enig-art,F.Mask black gap,13,18,0.039602653,7.849157,59.884364,7.887258510925116,59.89516423117384,0.13
17-kumiko-void-wide-L07-black-enig-art,F.Mask black gap,26,27,0.039603552,20.04646535957591,37.487258408672865,20.035665,37.449156,0.13
17-kumiko-void-wide-L07-black-enig-art,F.Mask black gap,60,65,0.039607623,49.84915,35.635671,49.88725631572115,35.64647250601491,0.13
17-kumiko-void-wide-L07-black-enig-art,F.Mask black gap,108,116,0.039621185,92.344322,60.364955,92.37193124685243,60.39337273721364,0.13
17-kumiko-void-wide-L07-black-enig-art,F.Mask black gap,29,30,0.039627231,20.544681131718274,37.97192240029504,20.516259,37.944309,0.13
17-kumiko-void-wide-L07-black-enig-art,F.Mask black gap,15,20,0.039627262,8.34431,60.364958,8.37192342593439,60.39338014957625,0.13
17-kumiko-void-wide-L07-black-enig-art,F.Mask black gap,62,67,0.039627262,50.34431,36.116258,50.37192342593439,36.14468014957625,0.13
17-kumiko-void-wide-L07-black-enig-art,F.Mask black gap,32,34,0.039650267,21.18,38.132895,21.218443213682313,38.142603913006965,0.13
17-kumiko-void-wide-L07-black-enig-art,F.Mask black gap,92,96,0.039650267,78.532895,85.2774,78.54260391300697,85.31584321368231,0.13
17-kumiko-void-wide-L07-black-enig-art,F.Mask black gap,1,23,0.093331316,20.110748,36.225,20.157473,36.144207,0.13
17-kumiko-void-wide-L07-black-enig-art,F.Mask black gap,13,19,0.107686163,7.849157,59.884364,7.903,59.791105,0.13
17-kumiko-void-wide-L07-black-enig-art,F.Mask black gap,35,38,0.107686163,21.849157,37.964336,21.903,38.057595,0.13
17-kumiko-void-wide-L07-black-enig-art,F.Mask black gap,86,90,0.107686163,77.849157,86.461736,77.903,86.554995,0.13
17-kumiko-void-wide-L07-black-enig-art,F.Mask black gap,14,27,0.107688395,19.942404,37.503,20.035665,37.449156,0.13
17-kumiko-void-wide-L07-black-enig-art,F.Mask black gap,89,95,0.107688395,78.364335,85.946556,78.457596,86.0004,0.13
17-kumiko-void-wide-L07-black-enig-art,F.Mask black gap,60,66,0.107700055,49.84915,35.635671,49.903,35.5424,0.13
17-kumiko-void-wide-L07-black-enig-art,F.Mask black gap,4,8,0.107702,5.759403,61.0287,5.867105,61.0287,0.13
17-kumiko-void-wide-L07-black-enig-art,F.Mask black gap,16,22,0.107702,8.532895,61.0287,8.640597,61.0287,0.13
17-kumiko-void-wide-L07-black-enig-art,F.Mask black gap,22,42,0.107702,33.759403,61.0287,33.867105,61.0287,0.13
17-kumiko-void-wide-L07-black-enig-art,F.Mask black gap,31,32,0.107702,21.18,38.240597,21.18,38.132895,0.13
17-kumiko-void-wide-L07-black-enig-art,F.Mask black gap,39,41,0.107702,22.532895,36.78,22.640597,36.78,0.13
17-kumiko-void-wide-L07-black-enig-art,F.Mask black gap,41,54,0.107702,47.759403,36.78,47.867105,36.78,0.13
17-kumiko-void-wide-L07-black-enig-art,F.Mask black gap,63,69,0.107702,50.532895,36.78,50.640597,36.78,0.13
17-kumiko-void-wide-L07-black-enig-art,F.Mask black gap,69,79,0.107702,75.759403,36.78,75.867105,36.78,0.13
17-kumiko-void-wide-L07-black-enig-art,F.Mask black gap,91,97,0.107702,78.532895,36.78,78.640597,36.78,0.13
17-kumiko-void-wide-L07-black-enig-art,F.Mask black gap,92,98,0.107702,78.532895,85.2774,78.640597,85.2774,0.13
17-kumiko-void-wide-L07-black-enig-art,F.Mask black gap,112,118,0.107702,92.532895,61.0287,92.640597,61.0287,0.13
17-kumiko-void-wide-L07-black-enig-art,F.Mask black gap,108,117,0.10771035,92.344322,60.364955,92.437602,60.3111,0.13
17-kumiko-void-wide-L07-black-enig-art,F.Mask black gap,15,21,0.10772784,8.34431,60.364958,8.437605,60.311094,0.13
17-kumiko-void-wide-L07-black-enig-art,F.Mask black gap,62,68,0.10772784,50.34431,36.116258,50.437605,36.062394,0.13
17-kumiko-void-wide-L07-black-enig-art,F.Mask black gap,19,30,0.107730072,20.462394,38.037606,20.516259,37.944309,0.13
17-kumiko-void-wide-L07-black-enig-art,F.Mask black gap,107,115,0.107843675,91.849081,108.381844,91.903,108.288447,0.13
